Transcript Id,Gene Id(name),Mirna Name,miTG score
ENST00000343796,ENSG00000113580 (NR3C1),hsa-miR-3163,0.997429442199638
UTR3,5:142661401-142661421,0.00735076004775102
UTR3,5:142661357-142661372,0.00505672211063598
UTR3,5:142661351-142661372,0.00518135706985303
UTR3,5:142661302-142661323,0.00738012670138618
UTR3,5:142660952-142660965,0.0149885123969771
UTR3,5:142660917-142660937,0.00604384994061583
UTR3,5:142660871-142660889,0.00600077453224495
UTR3,5:142659927-142659946,0.0116665159461037
UTR3,5:142659776-142659796,0.00321684901595244
UTR3,5:142658978-142659000,0.00182709691758613
UTR3,5:142657971-142657997,0.00927705407089354
UTR3,5:142657802-142657821,0.00979285263205864
UTR3,5:142657729-142657742,0.0104983003086192
UTR3,5:142657627-142657639,0.00985224735927517
ENST00000343796,ENSG00000113580 (NR3C1),hsa-miR-5590-5p,0.997185007625566
UTR3,5:142661283-142661304,0.00707744835292239
UTR3,5:142661153-142661170,0.0064441487539224
UTR3,5:142660755-142660769,0.00773814533255112
UTR3,5:142660484-142660494,0.011170977940298
UTR3,5:142660315-142660327,0.0216867797147001
UTR3,5:142657832-142657843,0.0555588687094464
UTR3,5:142678310-142678325,0.0123710632944549
ENST00000343796,ENSG00000113580 (NR3C1),hsa-miR-7852-3p,0.994868122830174
UTR3,5:142661311-142661332,0.0203187984780162
UTR3,5:142660881-142660900,0.00516961053314987
UTR3,5:142658287-142658312,0.00802287268739959
UTR3,5:142657914-142657935,0.0632803466068483
ENST00000343796,ENSG00000113580 (NR3C1),hsa-miR-300,0.994047199149219
UTR3,5:142661396-142661422,0.0141773698472677
UTR3,5:142660980-142660995,0.00691595900990085
UTR3,5:142660669-142660685,0.013041336641674
UTR3,5:142660433-142660457,0.00647544921082076
UTR3,5:142659815-142659833,0.0218694263582067
UTR3,5:142657880-142657905,0.0339298525034194
UTR3,5:142779852-142779865,0.0118212310798508
ENST00000343796,ENSG00000113580 (NR3C1),hsa-miR-381-3p,0.99348903898816
UTR3,5:142661396-142661410,0.0148458694411336
UTR3,5:142660980-142660995,0.00695513603534943
UTR3,5:142660669-142660685,0.0146872807950375
UTR3,5:142660433-142660458,0.00679408090392686
UTR3,5:142659815-142659833,0.0217256178767286
UTR3,5:142657880-142657905,0.029530915188241
UTR3,5:142779852-142779875,0.0101257931568176
ENST00000343796,ENSG00000113580 (NR3C1),hsa-miR-548c-3p,0.992505335242082
UTR3,5:142661354-142661378,0.00536261662865061
UTR3,5:142661021-142661039,0.00780629088286178
UTR3,5:142660890-142660913,0.00687635472115974
UTR3,5:142660875-142660880,0.00645899493222222
UTR3,5:142660501-142660507,0.00297326898173393
UTR3,5:142660224-142660249,0.0078958389512754
UTR3,5:142659930-142659935,0.0059522691967577
UTR3,5:142659793-142659812,0.0114178560865475
UTR3,5:142659755-142659770,0.00213726406572317
UTR3,5:142659219-142659243,0.00176336665680428
UTR3,5:142659199-142659212,0.00124609746197872
UTR3,5:142659132-142659148,0.00148687617019013
UTR3,5:142659068-142659074,0.00126014360781973
UTR3,5:142658585-142658596,0.0035708713926403
UTR3,5:142658156-142658177,0.00248701076995633
UTR3,5:142657805-142657825,0.00852467899334543
UTR3,5:142657624-142657629,0.0133431872446524
ENST00000343796,ENSG00000113580 (NR3C1),hsa-let-7f-1-3p,0.990193999017182
UTR3,5:142661396-142661414,0.0224252582145352
UTR3,5:142661038-142661059,0.00813076352961067
UTR3,5:142660980-142660989,0.00625562409378136
UTR3,5:142660669-142660686,0.00996447037606087
UTR3,5:142660433-142660457,0.00829975010920345
UTR3,5:142659814-142659827,0.0123545893010206
UTR3,5:142657880-142657898,0.0215335043824629
UTR3,5:142779852-142779873,0.0211278298436355
ENST00000343796,ENSG00000113580 (NR3C1),hsa-miR-497-3p,0.990180366871513
UTR3,5:142661305-142661320,0.0704331567293133
UTR3,5:142660934-142660953,0.00935897665517859
UTR3,5:142658138-142658159,0.00631651193168217
ENST00000343796,ENSG00000113580 (NR3C1),hsa-miR-4775,0.988750635481981
UTR3,5:142661412-142661438,0.00569239931985544
UTR3,5:142660628-142660642,0.00823492456929266
UTR3,5:142660116-142660129,0.00469053604802171
UTR3,5:142659990-142660002,0.00281259070064723
UTR3,5:142657772-142657785,0.0634577522877337
UTR3,5:142779632-142779655,0.00913249928909816
ENST00000343796,ENSG00000113580 (NR3C1),hsa-miR-6719-3p,0.988495766044554
UTR3,5:142660202-142660217,0.0137589335099594
UTR3,5:142659517-142659531,0.00114381276698892
UTR3,5:142658128-142658148,0.0102939677597272
UTR3,5:142657663-142657677,0.0582963414474236
ENST00000343796,ENSG00000113580 (NR3C1),hsa-let-7a-3p,0.987625988127614
UTR3,5:142661396-142661412,0.0206843920389703
UTR3,5:142661038-142661059,0.0081480456796008
UTR3,5:142660980-142661002,0.00613634573460035
UTR3,5:142660669-142660687,0.0101408421693393
UTR3,5:142660433-142660457,0.0086256140139986
UTR3,5:142659814-142659825,0.0115221745987889
UTR3,5:142657880-142657886,0.0194253113472169
UTR3,5:142779852-142779875,0.021557516620481
ENST00000343796,ENSG00000113580 (NR3C1),hsa-miR-519e-5p,0.987132392085814
UTR3,5:142660650-142660664,0.0232692914519766
UTR3,5:142659632-142659658,0.00178872608948247
UTR3,5:142659166-142659183,0.0271416233161485
UTR3,5:142657528-142657547,0.0301473529851527
UTR3,5:142779763-142779777,0.00717099758689543
ENST00000343796,ENSG00000113580 (NR3C1),hsa-miR-5583-5p,0.984577208481183
UTR3,5:142661219-142661244,0.0475585772971335
UTR3,5:142660438-142660458,0.00452099787267045
UTR3,5:142659920-142659937,0.00714312811470777
UTR3,5:142659503-142659519,0.00279903534539942
UTR3,5:142658314-142658322,0.0047987771123922
UTR3,5:142657734-142657750,0.0118166984994008
ENST00000343796,ENSG00000113580 (NR3C1),hsa-miR-515-5p,0.984530875392667
UTR3,5:142660650-142660664,0.0202526953915596
UTR3,5:142659632-142659650,0.0018354382961657
UTR3,5:142659166-142659184,0.0259208124805958
UTR3,5:142657528-142657549,0.0312278444522941
UTR3,5:142779763-142779782,0.0079271422847962
ENST00000343796,ENSG00000113580 (NR3C1),hsa-miR-4693-5p,0.981732249789809
UTR3,5:142659175-142659196,0.00315244160931993
UTR3,5:142657795-142657802,0.0726705970761322
ENST00000343796,ENSG00000113580 (NR3C1),hsa-miR-513c-3p,0.981377491311239
UTR3,5:142661225-142661240,0.0406458941137604
UTR3,5:142661075-142661100,0.0127421506559673
UTR3,5:142660549-142660563,0.00360577817406423
UTR3,5:142660015-142660033,0.00488582247702545
UTR3,5:142659071-142659087,0.00262689385695043
UTR3,5:142657611-142657628,0.0109962364882448
ENST00000343796,ENSG00000113580 (NR3C1),hsa-miR-513a-3p,0.981372629610806
UTR3,5:142661225-142661240,0.0406458941137604
UTR3,5:142661075-142661100,0.01271618649987
UTR3,5:142660549-142660563,0.00360577817406423
UTR3,5:142660015-142660033,0.00488582247702545
UTR3,5:142659071-142659087,0.00262689385695043
UTR3,5:142657611-142657628,0.011017853387178
ENST00000343796,ENSG00000113580 (NR3C1),hsa-miR-5003-3p,0.978798706643209
UTR3,5:142660993-142661015,0.00455161260028781
UTR3,5:142660420-142660440,0.00256731295061008
UTR3,5:142659477-142659493,0.00122359494594072
UTR3,5:142659468-142659493,0.00053299569469736
UTR3,5:142658590-142658612,0.0471729052906033
UTR3,5:142658113-142658134,0.00379876371711523
UTR3,5:142657742-142657762,0.0100538140695635
UTR3,5:142657692-142657718,0.00498085303647842
UTR3,5:142675060-142675082,0.0263216929997526
ENST00000343796,ENSG00000113580 (NR3C1),hsa-miR-103a-2-5p,0.977842508241225
UTR3,5:142661276-142661300,0.0112328935203984
UTR3,5:142660096-142660108,0.00573685951172608
UTR3,5:142659360-142659384,0.00445656100277435
UTR3,5:142658788-142658816,0.00544427711683765
UTR3,5:142657819-142657838,0.0457325515096537
ENST00000343796,ENSG00000113580 (NR3C1),hsa-miR-7856-5p,0.977293451253323
UTR3,5:142661425-142661450,0.023315616340504
UTR3,5:142660546-142660568,0.00378515213884601
UTR3,5:142660422-142660443,0.00393201061341922
UTR3,5:142659954-142659966,0.00260181185269325
UTR3,5:142659837-142659858,0.0020299528574793
UTR3,5:142659427-142659445,0.00403173308020924
UTR3,5:142658959-142658986,0.00179911706976314
UTR3,5:142658303-142658330,0.00226217930434546
UTR3,5:142657786-142657803,0.0074108038891187
UTR3,5:142657770-142657793,0.00775040051711218
UTR3,5:142657750-142657769,0.00707188921155092
UTR3,5:142657700-142657712,0.00620323370244547
ENST00000343796,ENSG00000113580 (NR3C1),hsa-miR-653-3p,0.977210448992047
UTR3,5:142660908-142660932,0.00540178468078852
UTR3,5:142660593-142660614,0.00992959114083113
UTR3,5:142659612-142659635,0.0028484332449153
UTR3,5:142659586-142659605,0.00132564814517484
UTR3,5:142659525-142659541,0.000839828558819658
UTR3,5:142658622-142658649,0.00791397395555445
UTR3,5:142657763-142657783,0.0240872035293314
UTR3,5:142657671-142657684,0.0203692071286843
UTR3,5:142680070-142680095,0.0124100042500727
ENST00000343796,ENSG00000113580 (NR3C1),hsa-miR-98-3p,0.97568674959368
UTR3,5:142661396-142661402,0.0133482009339937
UTR3,5:142661038-142661059,0.00809653494404549
UTR3,5:142660669-142660687,0.00958916517834537
UTR3,5:142660433-142660456,0.0086256140139986
UTR3,5:142659814-142659835,0.0115221745987889
UTR3,5:142657880-142657906,0.0205001265296276
UTR3,5:142779852-142779873,0.0152635889580539
ENST00000343796,ENSG00000113580 (NR3C1),hsa-miR-4314,0.974590437742085
UTR3,5:142661206-142661221,0.0287510316046011
UTR3,5:142658064-142658081,0.041559362050324
ENST00000343796,ENSG00000113580 (NR3C1),hsa-let-7b-3p,0.974139558589305
UTR3,5:142661396-142661411,0.0133482009339937
UTR3,5:142661038-142661064,0.00794791573283785
UTR3,5:142660669-142660684,0.00935912654724771
UTR3,5:142660433-142660457,0.00861097178163757
UTR3,5:142659814-142659825,0.0115221745987889
UTR3,5:142657880-142657905,0.0197122239960837
UTR3,5:142779852-142779873,0.0138296822634273
ENST00000343796,ENSG00000113580 (NR3C1),hsa-miR-181b-3p,0.972525935396781
UTR3,5:142661249-142661269,0.0173107538262977
UTR3,5:142659613-142659637,0.00148922125287117
UTR3,5:142659586-142659609,0.0010695959826953
UTR3,5:142659525-142659539,0.00159337950087542
UTR3,5:142658622-142658640,0.0131196132368014
UTR3,5:142658211-142658229,0.012248998695489
UTR3,5:142657763-142657783,0.0100657731779504
UTR3,5:142657672-142657693,0.0121016609652992
ENST00000343796,ENSG00000113580 (NR3C1),hsa-miR-1324,0.971781590250136
UTR3,5:142660937-142660963,0.0516929115539091
UTR3,5:142660521-142660534,0.00354649449527103
UTR3,5:142658141-142658168,0.00782485185090391
UTR3,5:142657983-142658010,0.00548531599465049
ENST00000343796,ENSG00000113580 (NR3C1),hsa-miR-548az-5p,0.971764237960657
UTR3,5:142661255-142661277,0.0385886707516421
UTR3,5:142661100-142661120,0.00507911252055006
UTR3,5:142660447-142660473,0.00282629145140073
UTR3,5:142660377-142660392,0.00170103041091324
UTR3,5:142658517-142658539,0.0074381033990989
UTR3,5:142657630-142657648,0.0129060262551792
ENST00000343796,ENSG00000113580 (NR3C1),hsa-miR-5692a,0.970946566252553
UTR3,5:142661356-142661382,0.00489894320836225
UTR3,5:142660464-142660487,0.00290332803319042
UTR3,5:142660113-142660132,0.00928091825428586
UTR3,5:142659986-142660009,0.0109141564987947
UTR3,5:142659245-142659264,0.00172722879409457
UTR3,5:142659188-142659206,0.00231646284288601
UTR3,5:142659159-142659177,0.00369469269546648
UTR3,5:142658686-142658708,0.00209902979131741
UTR3,5:142657969-142657988,0.00513124126423871
UTR3,5:142657807-142657833,0.0138740444936817
UTR3,5:142657626-142657653,0.0112188544433919
ENST00000343796,ENSG00000113580 (NR3C1),hsa-miR-548e-5p,0.96790966194865
UTR3,5:142661404-142661425,0.0112741491347341
UTR3,5:142660447-142660459,0.00317334099068309
UTR3,5:142659201-142659214,0.00632184191941331
UTR3,5:142659134-142659153,0.00554601426325429
UTR3,5:142658809-142658829,0.00254560070974285
UTR3,5:142658517-142658539,0.002129729950429
UTR3,5:142657816-142657834,0.0100071514266703
UTR3,5:142657502-142657515,0.0253849836690268
ENST00000343796,ENSG00000113580 (NR3C1),hsa-miR-4668-3p,0.967827023705967
UTR3,5:142661073-142661087,0.00427693582549029
UTR3,5:142660293-142660311,0.00494559606513207
UTR3,5:142660226-142660247,0.00138037984355171
UTR3,5:142659794-142659813,0.00447488393367885
UTR3,5:142659180-142659185,0.00323272280257393
UTR3,5:142658924-142658940,0.00303698865949243
UTR3,5:142658056-142658084,0.00587660913986791
UTR3,5:142657973-142657996,0.034722343240003
UTR3,5:142657967-142657993,0.0043929226452712
ENST00000343796,ENSG00000113580 (NR3C1),hsa-miR-3606-3p,0.967537357640315
UTR3,5:142661226-142661243,0.0160247242666499
UTR3,5:142661074-142661093,0.0110195314148424
UTR3,5:142660876-142660881,0.0104436125269498
UTR3,5:142660016-142660033,0.011527826951131
UTR3,5:142659070-142659084,0.00294872872771537
UTR3,5:142658318-142658334,0.00233156848772503
UTR3,5:142657612-142657617,0.0118920047976359
ENST00000343796,ENSG00000113580 (NR3C1),hsa-miR-4429,0.967233675477132
UTR3,5:142661404-142661432,0.0166116313546187
UTR3,5:142660824-142660841,0.00521450959749197
UTR3,5:142659855-142659869,0.0111354163109468
UTR3,5:142659201-142659217,0.00326282402567865
UTR3,5:142659134-142659148,0.00170978908226153
UTR3,5:142658809-142658829,0.00194623234404576
UTR3,5:142657816-142657836,0.014396912385142
UTR3,5:142657502-142657510,0.0117533673901452
ENST00000343796,ENSG00000113580 (NR3C1),hsa-miR-320a,0.966924538805388
UTR3,5:142661404-142661420,0.0171136680405171
UTR3,5:142660824-142660841,0.00521450959749197
UTR3,5:142659855-142659867,0.0111093408974687
UTR3,5:142659201-142659221,0.00312185191628174
UTR3,5:142659134-142659148,0.00163673239000763
UTR3,5:142658809-142658836,0.00157479073808316
UTR3,5:142657816-142657836,0.0143582146603287
UTR3,5:142657502-142657512,0.0117428742123876
ENST00000343796,ENSG00000113580 (NR3C1),hsa-miR-548t-5p,0.966293689240956
UTR3,5:142661255-142661276,0.0363660934788249
UTR3,5:142661100-142661124,0.00510805994369382
UTR3,5:142660447-142660473,0.00278193297746233
UTR3,5:142660377-142660403,0.00174359070753463
UTR3,5:142658517-142658533,0.00665875086605321
UTR3,5:142657630-142657657,0.012894094476952
ENST00000343796,ENSG00000113580 (NR3C1),hsa-miR-320b,0.966272724467038
UTR3,5:142661404-142661432,0.0169445139101824
UTR3,5:142660824-142660842,0.00515494372421183
UTR3,5:142659855-142659867,0.0111093408974687
UTR3,5:142659201-142659221,0.00312185191628174
UTR3,5:142659134-142659148,0.00163673239000763
UTR3,5:142658809-142658836,0.00158880464070166
UTR3,5:142657816-142657836,0.0142429436466104
UTR3,5:142657502-142657512,0.0117428742123876
ENST00000343796,ENSG00000113580 (NR3C1),hsa-miR-320d,0.966188906170084
UTR3,5:142661404-142661432,0.0171136680405171
UTR3,5:142660824-142660838,0.00563243830000387
UTR3,5:142659855-142659867,0.0111093408974687
UTR3,5:142659201-142659216,0.00323850271542849
UTR3,5:142659134-142659148,0.00163673239000763
UTR3,5:142658809-142658836,0.00180223788574938
UTR3,5:142657816-142657828,0.0132242258523764
UTR3,5:142657502-142657512,0.0117428742123876
ENST00000343796,ENSG00000113580 (NR3C1),hsa-miR-603,0.965951105011196
UTR3,5:142661123-142661145,0.00564630893991735
UTR3,5:142660786-142660791,0.00782889143010915
UTR3,5:142660165-142660170,0.0022914004348491
UTR3,5:142660076-142660103,0.00244053690532885
UTR3,5:142659619-142659646,0.00154488255474866
UTR3,5:142659090-142659096,0.00189513698204779
UTR3,5:142658152-142658177,0.00239347328310886
UTR3,5:142658150-142658177,0.00471166156594108
UTR3,5:142658148-142658174,0.00355479332318847
UTR3,5:142658146-142658174,0.00320499246753986
UTR3,5:142658145-142658171,0.00146963656727795
UTR3,5:142657899-142657917,0.0243493445316303
UTR3,5:142657646-142657666,0.00405038980638041
ENST00000343796,ENSG00000113580 (NR3C1),hsa-miR-320c,0.965855829935725
UTR3,5:142661404-142661432,0.0169445139101824
UTR3,5:142660824-142660839,0.00556736300993227
UTR3,5:142659855-142659867,0.0111093408974687
UTR3,5:142659201-142659216,0.00323507337675811
UTR3,5:142659134-142659148,0.00163673239000763
UTR3,5:142658809-142658835,0.00176966163240439
UTR3,5:142657816-142657834,0.0133286077093089
UTR3,5:142657502-142657512,0.0117428742123876
ENST00000343796,ENSG00000113580 (NR3C1),hsa-miR-335-3p,0.965245462204053
UTR3,5:142660997-142661013,0.0171719259023326
UTR3,5:142660782-142660800,0.00935311958762973
UTR3,5:142660119-142660130,0.00262812223862796
UTR3,5:142659967-142659984,0.00280824356983117
UTR3,5:142658878-142658896,0.00168284279534809
UTR3,5:142658592-142658617,0.00408891392984334
UTR3,5:142658293-142658298,0.00293522071415195
UTR3,5:142658270-142658287,0.0124078171989832
UTR3,5:142657946-142657959,0.0121501237400447
UTR3,5:142779740-142779762,0.0130997612891098
UTR3,5:142675046-142675064,0.0150833476335756
ENST00000343796,ENSG00000113580 (NR3C1),hsa-miR-4795-3p,0.964405389077444
UTR3,5:142661214-142661240,0.00599046269024747
UTR3,5:142661188-142661210,0.00329473199444332
UTR3,5:142660320-142660341,0.00319908635729807
UTR3,5:142659959-142659980,0.00469020953838135
UTR3,5:142659936-142659950,0.00163541019930332
UTR3,5:142659282-142659303,0.00371436829297054
UTR3,5:142659105-142659124,0.00183015291749805
UTR3,5:142658847-142658868,0.00429906849457763
UTR3,5:142657714-142657730,0.0201621814782884
UTR3,5:142657517-142657541,0.0158139853514788
ENST00000343796,ENSG00000113580 (NR3C1),hsa-miR-548at-5p,0.963245483277923
UTR3,5:142661114-142661136,0.00799963609709504
UTR3,5:142660377-142660404,0.00201642118084807
UTR3,5:142660344-142660370,0.0023127243180141
UTR3,5:142660061-142660087,0.00338012211457871
UTR3,5:142658518-142658540,0.0020568321580702
UTR3,5:142657630-142657654,0.0463201530974942
ENST00000343796,ENSG00000113580 (NR3C1),hsa-miR-181b-2-3p,0.961533277071008
UTR3,5:142661249-142661269,0.0100300523304297
UTR3,5:142659613-142659618,0.00166205464425492
UTR3,5:142659586-142659608,0.00107122855849439
UTR3,5:142659525-142659539,0.00159337950087542
UTR3,5:142658622-142658639,0.0124998910597883
UTR3,5:142658211-142658229,0.0142419151928444
UTR3,5:142657763-142657783,0.0100856042941984
UTR3,5:142657672-142657677,0.0121285061666801
ENST00000343796,ENSG00000113580 (NR3C1),hsa-miR-4672,0.959390996843369
UTR3,5:142659981-142659998,0.0132306977220598
UTR3,5:142659809-142659836,0.00313034819622228
UTR3,5:142659088-142659105,0.00252855062545971
UTR3,5:142658110-142658134,0.00437085010610644
UTR3,5:142657837-142657854,0.0161877150815407
UTR3,5:142657779-142657807,0.0229422342730398
ENST00000343796,ENSG00000113580 (NR3C1),hsa-miR-548aj-3p,0.959055700776461
UTR3,5:142661352-142661377,0.00536256041234717
UTR3,5:142660873-142660878,0.00732082794578534
UTR3,5:142659929-142659934,0.00341840109513413
UTR3,5:142659792-142659815,0.00332297676603781
UTR3,5:142659219-142659239,0.00174916498202562
UTR3,5:142658584-142658596,0.00257210355409583
UTR3,5:142658156-142658172,0.00235521004194336
UTR3,5:142657803-142657825,0.00866766601417391
UTR3,5:142657732-142657748,0.0212241194337702
UTR3,5:142657684-142657698,0.00613670431908879
UTR3,5:142779238-142779245,0.0123221843460487
ENST00000343796,ENSG00000113580 (NR3C1),hsa-miR-5011-5p,0.958749418238154
UTR3,5:142660666-142660681,0.0249556686380976
UTR3,5:142660643-142660664,0.0015774684084673
UTR3,5:142659903-142659923,0.0115730267865713
UTR3,5:142659902-142659923,0.003119307918266
UTR3,5:142659759-142659775,0.0063220291772651
UTR3,5:142658508-142658524,0.00262923560632343
UTR3,5:142658506-142658524,0.00589928836209097
UTR3,5:142657866-142657885,0.00604723937364698
ENST00000343796,ENSG00000113580 (NR3C1),hsa-miR-548x-3p,0.957906110769315
UTR3,5:142661352-142661375,0.00539498531431521
UTR3,5:142660873-142660878,0.00732082794578534
UTR3,5:142659929-142659934,0.00341840109513413
UTR3,5:142659792-142659815,0.00332297676603781
UTR3,5:142659219-142659228,0.0017571926316246
UTR3,5:142658584-142658595,0.00266545301001053
UTR3,5:142658156-142658172,0.00235521004194336
UTR3,5:142657803-142657824,0.00881744343489584
UTR3,5:142657732-142657744,0.0201682247386676
UTR3,5:142657684-142657697,0.0064034596241978
UTR3,5:142779238-142779245,0.0123221843460487
ENST00000343796,ENSG00000113580 (NR3C1),hsa-miR-192-3p,0.957579532423072
UTR3,5:142661284-142661311,0.00921778803400037
UTR3,5:142659346-142659373,0.00306604635035752
UTR3,5:142657567-142657583,0.0493624035743011
ENST00000343796,ENSG00000113580 (NR3C1),hsa-miR-588,0.956715597510605
UTR3,5:142661293-142661312,0.00833140001311388
UTR3,5:142659994-142660012,0.050210826840159
UTR3,5:142658663-142658677,0.00153997024425738
UTR3,5:142658469-142658479,0.00121977201390634
ENST00000343796,ENSG00000113580 (NR3C1),hsa-miR-5590-3p,0.955375620487112
UTR3,5:142661401-142661421,0.00815578467646671
UTR3,5:142661357-142661385,0.00521992704509813
UTR3,5:142661350-142661369,0.00596366708606577
UTR3,5:142660918-142660943,0.0126216375136817
UTR3,5:142660871-142660889,0.00638414596072741
UTR3,5:142659841-142659859,0.00527009585029296
UTR3,5:142659246-142659264,0.00181039321794938
UTR3,5:142658979-142658993,0.00192959354313886
UTR3,5:142658687-142658713,0.00224934132435233
UTR3,5:142657728-142657743,0.0111761813905855
ENST00000343796,ENSG00000113580 (NR3C1),hsa-miR-4420,0.954555224805566
UTR3,5:142661248-142661276,0.00907974874165607
UTR3,5:142660592-142660618,0.00509959327474145
UTR3,5:142659613-142659640,0.00141075889450443
UTR3,5:142659587-142659606,0.000486278153651564
UTR3,5:142659526-142659541,0.000735149155308145
UTR3,5:142658623-142658643,0.00786168914815953
UTR3,5:142658212-142658235,0.0089446527759644
UTR3,5:142657762-142657768,0.0161241936597994
UTR3,5:142657672-142657690,0.0107269167195913
ENST00000343796,ENSG00000113580 (NR3C1),hsa-miR-524-5p,0.954506537384678
UTR3,5:142660671-142660684,0.00552187899039321
UTR3,5:142660435-142660457,0.00385921938544359
UTR3,5:142660188-142660199,0.00477804505504819
UTR3,5:142659750-142659768,0.00464215561381568
UTR3,5:142659703-142659724,0.00100130882231291
UTR3,5:142658635-142658656,0.00564565306658923
UTR3,5:142658574-142658595,0.00240015856287604
UTR3,5:142657882-142657906,0.0100455441950866
UTR3,5:142657737-142657765,0.0107390468764906
UTR3,5:142657579-142657591,0.0118176355296498
ENST00000343796,ENSG00000113580 (NR3C1),hsa-miR-520d-5p,0.954312707629466
UTR3,5:142660671-142660684,0.00552929966926679
UTR3,5:142660435-142660457,0.00382096424291814
UTR3,5:142660188-142660199,0.00477804505504819
UTR3,5:142659750-142659759,0.00462497900660182
UTR3,5:142659703-142659730,0.000999701307398028
UTR3,5:142658635-142658656,0.00564565306658923
UTR3,5:142658574-142658595,0.00230146876482854
UTR3,5:142657882-142657893,0.0101421111610504
UTR3,5:142657737-142657761,0.0107179818038436
UTR3,5:142657579-142657591,0.0118176355296498
ENST00000343796,ENSG00000113580 (NR3C1),hsa-miR-4701-5p,0.952474267368893
UTR3,5:142661293-142661312,0.00756870640040911
UTR3,5:142659994-142660002,0.0495402941635394
UTR3,5:142658663-142658680,0.00150519369736567
UTR3,5:142658469-142658486,0.00108734211566564
ENST00000343796,ENSG00000113580 (NR3C1),hsa-miR-4282,0.951267434588744
UTR3,5:142661074-142661087,0.00976857317539459
UTR3,5:142660876-142660902,0.0100985787807803
UTR3,5:142660111-142660131,0.00351981504616965
UTR3,5:142659070-142659082,0.00259218257911663
UTR3,5:142658317-142658335,0.00468500769840089
UTR3,5:142657972-142657986,0.00498476075601662
UTR3,5:142657789-142657799,0.0236220524973243
ENST00000343796,ENSG00000113580 (NR3C1),hsa-miR-1304-3p,0.950636399049204
UTR3,5:142659585-142659611,0.0074859045561693
UTR3,5:142659525-142659532,0.00276079809403516
UTR3,5:142658621-142658642,0.0183461554300915
UTR3,5:142658210-142658226,0.0304569884222922
ENST00000343796,ENSG00000113580 (NR3C1),hsa-miR-1185-1-3p,0.950409078840858
UTR3,5:142661396-142661422,0.00560988336278037
UTR3,5:142661039-142661053,0.00691721438016525
UTR3,5:142660979-142660995,0.00919892850012947
UTR3,5:142660668-142660685,0.00945973777234086
UTR3,5:142660433-142660446,0.00326936661142019
UTR3,5:142658509-142658534,0.00347923883320645
UTR3,5:142657879-142657906,0.0206495562694178
UTR3,5:142780136-142780155,0.0134390948752449
ENST00000343796,ENSG00000113580 (NR3C1),hsa-miR-4666a-3p,0.950261412668049
UTR3,5:142661397-142661421,0.0140787003434906
UTR3,5:142660670-142660682,0.00688264868689358
UTR3,5:142660434-142660459,0.0035085314803597
UTR3,5:142660207-142660224,0.00255598519790774
UTR3,5:142659816-142659839,0.00416329601640451
UTR3,5:142657950-142657964,0.00747496372350975
UTR3,5:142657881-142657906,0.0116651678654951
UTR3,5:142657835-142657852,0.00820484035135167
UTR3,5:142779853-142779873,0.0132694548381094
ENST00000343796,ENSG00000113580 (NR3C1),hsa-miR-1185-2-3p,0.948646910193847
UTR3,5:142661396-142661422,0.00560988336278037
UTR3,5:142661039-142661058,0.00692484938873068
UTR3,5:142660979-142660995,0.00919892850012947
UTR3,5:142660668-142660685,0.00945973777234086
UTR3,5:142660433-142660448,0.00291500138009047
UTR3,5:142658509-142658522,0.0034898204795619
UTR3,5:142657879-142657904,0.0203380278132144
UTR3,5:142780136-142780155,0.0134390948752449
ENST00000343796,ENSG00000113580 (NR3C1),hsa-miR-3613-3p,0.948198760183604
UTR3,5:142661366-142661385,0.00801292173611638
UTR3,5:142661021-142661038,0.00586622625785046
UTR3,5:142660672-142660684,0.00662597121218487
UTR3,5:142660501-142660506,0.00249584154580855
UTR3,5:142660223-142660248,0.00373262597487365
UTR3,5:142659752-142659759,0.00877785198982847
UTR3,5:142659218-142659234,0.0034112241807617
UTR3,5:142659199-142659214,0.00149996794183587
UTR3,5:142659132-142659142,0.00166634764908815
UTR3,5:142659068-142659084,0.000845784851768733
UTR3,5:142658155-142658171,0.00434278465200414
UTR3,5:142657883-142657906,0.0109425445287134
ENST00000343796,ENSG00000113580 (NR3C1),hsa-miR-5586-5p,0.94812661049153
UTR3,5:142661081-142661093,0.013825560599603
UTR3,5:142660582-142660608,0.00988857341795685
UTR3,5:142659726-142659754,0.00347318843629834
UTR3,5:142659076-142659095,0.00794514745302113
UTR3,5:142658422-142658437,0.0230636306270289
ENST00000343796,ENSG00000113580 (NR3C1),hsa-miR-548as-3p,0.94496290410901
UTR3,5:142661367-142661389,0.00647783832459382
UTR3,5:142661359-142661377,0.00482067005129025
UTR3,5:142661326-142661344,0.00657300792866787
UTR3,5:142660932-142660954,0.0235503557216708
UTR3,5:142659777-142659804,0.00352623164099278
UTR3,5:142658136-142658154,0.00656620873639025
UTR3,5:142658018-142658038,0.00500440173628024
UTR3,5:142662167-142662190,0.0164363851094414
ENST00000343796,ENSG00000113580 (NR3C1),hsa-miR-5683,0.943144614864009
UTR3,5:142661338-142661349,0.0115618937755625
UTR3,5:142660788-142660802,0.00993930895194702
UTR3,5:142660519-142660534,0.0012737677819057
UTR3,5:142660279-142660285,0.00599204841496512
UTR3,5:142660056-142660080,0.0026419320799846
UTR3,5:142658244-142658252,0.00569826125751375
UTR3,5:142657707-142657728,0.0195039593833198
ENST00000343796,ENSG00000113580 (NR3C1),hsa-miR-144-3p,0.942574226059346
UTR3,5:142660941-142660963,0.00790842558210229
UTR3,5:142660209-142660224,0.00204958870954032
UTR3,5:142658178-142658205,0.00296092670321621
UTR3,5:142657839-142657862,0.0341527200140195
UTR3,5:142657658-142657676,0.00936647329589217
ENST00000343796,ENSG00000113580 (NR3C1),hsa-miR-744-3p,0.93919562790287
UTR3,5:142661280-142661301,0.0533989499536013
UTR3,5:142659529-142659534,0.0020461366310066
ENST00000343796,ENSG00000113580 (NR3C1),hsa-miR-622,0.939125567785002
UTR3,5:142659629-142659656,0.00159135055737853
UTR3,5:142658179-142658207,0.0026939335906605
UTR3,5:142657659-142657684,0.0509155871845147
UTR3,5:142779882-142779906,0.00477727266024672
ENST00000343796,ENSG00000113580 (NR3C1),hsa-miR-543,0.93461501796128
UTR3,5:142660191-142660217,0.0026319307596035
UTR3,5:142659193-142659210,0.0154792691910693
UTR3,5:142658971-142658996,0.00805128603155954
UTR3,5:142658738-142658761,0.00250107737195855
UTR3,5:142657637-142657652,0.0167205600310394
UTR3,5:142657559-142657582,0.00879398022207813
ENST00000343796,ENSG00000113580 (NR3C1),hsa-miR-338-5p,0.934567603965899
UTR3,5:142661399-142661411,0.0105760363300946
UTR3,5:142661347-142661366,0.0111926607927357
UTR3,5:142660860-142660874,0.005629184903458
UTR3,5:142658263-142658289,0.0267675448752571
ENST00000343796,ENSG00000113580 (NR3C1),hsa-miR-1537-5p,0.933945002404132
UTR3,5:142660854-142660869,0.0137059204772691
UTR3,5:142660388-142660410,0.00244605809360784
UTR3,5:142657546-142657568,0.0378477759532117
ENST00000343796,ENSG00000113580 (NR3C1),hsa-miR-328-3p,0.932543653396654
UTR3,5:142661294-142661310,0.0515949717475918
UTR3,5:142780079-142780100,0.010658113685374
UTR3,5:142779886-142779911,0.0200889760839885
ENST00000343796,ENSG00000113580 (NR3C1),hsa-miR-3941,0.929807213553263
UTR3,5:142659981-142660001,0.0121666554760877
UTR3,5:142659809-142659837,0.00313343602415855
UTR3,5:142659088-142659113,0.0041475218803633
UTR3,5:142658110-142658134,0.00445434562380205
UTR3,5:142657837-142657854,0.00854898783865804
UTR3,5:142657779-142657803,0.0204832125160122
ENST00000343796,ENSG00000113580 (NR3C1),hsa-miR-6884-3p,0.928250915726775
UTR3,5:142661245-142661271,0.0245540838083856
UTR3,5:142660842-142660848,0.00523142280591695
UTR3,5:142660757-142660782,0.00381607468410114
UTR3,5:142660567-142660586,0.00275672862291175
UTR3,5:142660252-142660271,0.00263432292869707
UTR3,5:142659729-142659751,0.00337723233738755
UTR3,5:142780323-142780342,0.0159597177553941
UTR3,5:142780109-142780135,0.0720096553300376
ENST00000343796,ENSG00000113580 (NR3C1),hsa-miR-8485,0.926105120448136
UTR3,5:142660786-142660791,0.00770825158956123
UTR3,5:142660165-142660171,0.00166177478410758
UTR3,5:142660076-142660081,0.00345729090979608
UTR3,5:142659619-142659638,0.00178711220787765
UTR3,5:142659090-142659098,0.0018256252320633
UTR3,5:142658152-142658174,0.00224413173056371
UTR3,5:142658150-142658174,0.0119947878476436
UTR3,5:142657899-142657904,0.0112224209780959
UTR3,5:142657646-142657663,0.0101275134499639
ENST00000343796,ENSG00000113580 (NR3C1),hsa-miR-6716-5p,0.925046683499413
UTR3,5:142660820-142660843,0.00323627227012451
UTR3,5:142660284-142660310,0.048122769855674
UTR3,5:142780090-142780110,0.00620170455181081
ENST00000343796,ENSG00000113580 (NR3C1),hsa-miR-6768-5p,0.923333226407999
UTR3,5:142661123-142661142,0.0110712652845005
UTR3,5:142660786-142660793,0.0140220152537356
UTR3,5:142660165-142660177,0.00193890518364284
UTR3,5:142660076-142660094,0.00392579561121807
UTR3,5:142659619-142659644,0.00390793527776103
UTR3,5:142658152-142658173,0.00227494878338209
UTR3,5:142658150-142658173,0.00182401200880123
UTR3,5:142658148-142658173,0.00163322861240673
UTR3,5:142658146-142658173,0.00143481752203471
UTR3,5:142657838-142657863,0.00934512934528371
ENST00000343796,ENSG00000113580 (NR3C1),hsa-miR-1277-5p,0.922440526691404
UTR3,5:142660914-142660931,0.00722172913529335
UTR3,5:142660675-142660680,0.00533715476231597
UTR3,5:142660035-142660059,0.00377508878822925
UTR3,5:142659932-142659953,0.00711403558740395
UTR3,5:142659924-142659952,0.00202421794931425
UTR3,5:142659757-142659774,0.0132219429835936
UTR3,5:142657847-142657865,0.0124788665539963
ENST00000343796,ENSG00000113580 (NR3C1),hsa-miR-466,0.922424402827755
UTR3,5:142660981-142660994,0.00822705347756786
UTR3,5:142659982-142660001,0.00563952660785354
UTR3,5:142659089-142659095,0.00140559844902874
UTR3,5:142657836-142657842,0.0116849888663553
UTR3,5:142657780-142657786,0.0242121852757957
ENST00000343796,ENSG00000113580 (NR3C1),hsa-miR-190a-3p,0.921126743627319
UTR3,5:142660667-142660680,0.00730151686699094
UTR3,5:142660642-142660657,0.00308651651759675
UTR3,5:142659903-142659923,0.0160805654033937
UTR3,5:142659759-142659769,0.0029804339689514
UTR3,5:142658506-142658533,0.00470057580240468
UTR3,5:142657911-142657916,0.00764164195887602
UTR3,5:142657866-142657874,0.009083958645296
ENST00000343796,ENSG00000113580 (NR3C1),hsa-miR-4718,0.919120958900742
UTR3,5:142660854-142660872,0.0317224986769027
UTR3,5:142660388-142660403,0.00270261284745456
UTR3,5:142659392-142659413,0.00146831650464492
UTR3,5:142657546-142657573,0.014535715309873
ENST00000343796,ENSG00000113580 (NR3C1),hsa-miR-4666b,0.918220453740648
UTR3,5:142659847-142659875,0.0466533616387381
UTR3,5:142659697-142659717,0.00357879339709844
ENST00000343796,ENSG00000113580 (NR3C1),hsa-miR-410-3p,0.916987187309475
UTR3,5:142660915-142660942,0.0117230434610552
UTR3,5:142660644-142660663,0.00377010280457126
UTR3,5:142659933-142659953,0.00445477266879258
UTR3,5:142659925-142659936,0.00198680002224543
UTR3,5:142659761-142659779,0.0160226147786845
UTR3,5:142657847-142657862,0.0101819564403118
UTR3,5:142680162-142680187,0.0215416289354711
ENST00000343796,ENSG00000113580 (NR3C1),hsa-miR-1291,0.912410480052792
UTR3,5:142661294-142661315,0.0466701067688056
UTR3,5:142780079-142780101,0.0171929091852314
UTR3,5:142779887-142779915,0.00802514528007602
ENST00000343796,ENSG00000113580 (NR3C1),hsa-miR-590-3p,0.912269948928972
UTR3,5:142661201-142661225,0.00501632670825438
UTR3,5:142660727-142660753,0.00503617459503432
UTR3,5:142660629-142660644,0.00319582537421507
UTR3,5:142660116-142660129,0.00626401371331236
UTR3,5:142659990-142660003,0.00284641550898685
UTR3,5:142659162-142659179,0.00207221624227069
UTR3,5:142657773-142657785,0.0209121932230079
UTR3,5:142779633-142779643,0.0117052644585887
UTR3,5:142689726-142689733,0.0247274023081804
ENST00000343796,ENSG00000113580 (NR3C1),hsa-miR-551b-5p,0.909788293644153
UTR3,5:142661017-142661028,0.0179405765487277
UTR3,5:142660218-142660241,0.00355854807602757
UTR3,5:142660010-142660033,0.0137972409121041
UTR3,5:142659795-142659814,0.00413335163668505
UTR3,5:142659713-142659730,0.00193674903802785
UTR3,5:142658443-142658470,0.00219860706788743
UTR3,5:142658206-142658226,0.00405640131096698
UTR3,5:142780211-142780225,0.00977718385547786
ENST00000343796,ENSG00000113580 (NR3C1),hsa-miR-4789-5p,0.906752101514848
UTR3,5:142661396-142661422,0.00636023116213352
UTR3,5:142661039-142661062,0.00532234412109916
UTR3,5:142660979-142660989,0.0121749423028982
UTR3,5:142660668-142660684,0.00567135525725228
UTR3,5:142660433-142660443,0.00342537310908555
UTR3,5:142659815-142659825,0.00362947450146321
UTR3,5:142657879-142657896,0.0112981293588456
ENST00000343796,ENSG00000113580 (NR3C1),hsa-miR-651-3p,0.906026249594535
UTR3,5:142660920-142660944,0.0382715219156774
UTR3,5:142659269-142659297,0.00530790057416846
UTR3,5:142658981-142658995,0.00416260830508425
ENST00000343796,ENSG00000113580 (NR3C1),hsa-miR-3129-3p,0.905902352375337
UTR3,5:142661219-142661242,0.0238698875636783
UTR3,5:142660438-142660458,0.00458813763370287
UTR3,5:142659503-142659519,0.00268718813819229
UTR3,5:142658314-142658331,0.0047987771123922
UTR3,5:142657734-142657744,0.011774271134266
ENST00000343796,ENSG00000113580 (NR3C1),hsa-miR-6851-3p,0.901209630064475
UTR3,5:142661294-142661310,0.044306955942626
UTR3,5:142780079-142780101,0.0093138342688414
UTR3,5:142779887-142779901,0.0147174547986185
ENST00000343796,ENSG00000113580 (NR3C1),hsa-miR-6508-5p,0.899803027430774
UTR3,5:142661069-142661089,0.043100628527315
UTR3,5:142657992-142658015,0.00348073862851617
ENST00000343796,ENSG00000113580 (NR3C1),hsa-miR-1270,0.899116701071632
UTR3,5:142661172-142661191,0.010008303046033
UTR3,5:142660713-142660737,0.0364490223369617
ENST00000343796,ENSG00000113580 (NR3C1),hsa-miR-3143,0.898573164588755
UTR3,5:142659763-142659788,0.00642662510470269
UTR3,5:142659191-142659211,0.01156586665527
UTR3,5:142659184-142659211,0.000855414054061766
UTR3,5:142658969-142658984,0.0063490862433866
UTR3,5:142658670-142658695,0.00277721125453708
UTR3,5:142657558-142657577,0.018385417643115
ENST00000343796,ENSG00000113580 (NR3C1),hsa-miR-548ap-3p,0.895960353987529
UTR3,5:142661368-142661388,0.00722225535238317
UTR3,5:142660933-142660939,0.0253906178430082
UTR3,5:142658137-142658152,0.0074625605887247
UTR3,5:142658018-142658031,0.00493965124550186
UTR3,5:142779611-142779633,0.00868003836919331
ENST00000343796,ENSG00000113580 (NR3C1),hsa-miR-548am-3p,0.89438188190565
UTR3,5:142660501-142660516,0.00216434567733057
UTR3,5:142660224-142660250,0.00278096649778918
UTR3,5:142659753-142659773,0.00352801708085436
UTR3,5:142659219-142659240,0.00316059088401261
UTR3,5:142659199-142659207,0.00124038786544761
UTR3,5:142659132-142659149,0.00144264045338988
UTR3,5:142659068-142659091,0.000854694284303283
UTR3,5:142658156-142658183,0.00452243541727862
UTR3,5:142657732-142657749,0.0246265723342579
UTR3,5:142779238-142779245,0.012358952831331
ENST00000343796,ENSG00000113580 (NR3C1),hsa-miR-548j-3p,0.894267511210933
UTR3,5:142660501-142660506,0.00239503200432689
UTR3,5:142660224-142660249,0.00272389343178503
UTR3,5:142659753-142659770,0.00353605099398919
UTR3,5:142659219-142659243,0.00325269163422034
UTR3,5:142659199-142659209,0.0012319628754449
UTR3,5:142659132-142659148,0.00146447670364785
UTR3,5:142659068-142659091,0.000915337934813726
UTR3,5:142658156-142658177,0.00449009055067039
UTR3,5:142657732-142657748,0.0242899321122872
UTR3,5:142779238-142779245,0.012358952831331
ENST00000343796,ENSG00000113580 (NR3C1),hsa-miR-548aq-3p,0.893962402268282
UTR3,5:142660501-142660506,0.00239503200432689
UTR3,5:142660224-142660249,0.00298187974921876
UTR3,5:142659753-142659770,0.003598007180781
UTR3,5:142659219-142659239,0.00316059088401261
UTR3,5:142659199-142659207,0.00124080757608076
UTR3,5:142659132-142659148,0.00145663514296265
UTR3,5:142659068-142659091,0.000941694115084514
UTR3,5:142658156-142658177,0.00450976705234656
UTR3,5:142657732-142657748,0.0239586448975765
UTR3,5:142779238-142779245,0.012358952831331
ENST00000343796,ENSG00000113580 (NR3C1),hsa-miR-548aa,0.892136267530471
UTR3,5:142661368-142661389,0.00716683839743343
UTR3,5:142660933-142660951,0.0253906178430082
UTR3,5:142658137-142658157,0.00699878372994291
UTR3,5:142658018-142658038,0.00476677433569986
UTR3,5:142779611-142779634,0.00868003836919331
ENST00000343796,ENSG00000113580 (NR3C1),hsa-miR-548t-3p,0.892136267530471
UTR3,5:142661368-142661389,0.00716683839743343
UTR3,5:142660933-142660951,0.0253906178430082
UTR3,5:142658137-142658157,0.00699878372994291
UTR3,5:142658018-142658038,0.00476677433569986
UTR3,5:142779611-142779634,0.00868003836919331
ENST00000343796,ENSG00000113580 (NR3C1),hsa-miR-548ah-3p,0.890428848151586
UTR3,5:142660501-142660516,0.00216434567733057
UTR3,5:142660224-142660249,0.00281043866842709
UTR3,5:142659753-142659773,0.00352801708085436
UTR3,5:142659219-142659239,0.00308141548810555
UTR3,5:142659199-142659207,0.00124038786544761
UTR3,5:142659132-142659148,0.00145225112714575
UTR3,5:142659068-142659091,0.000854694284303283
UTR3,5:142658156-142658177,0.00450976705234656
UTR3,5:142657732-142657748,0.0239586448975765
UTR3,5:142779238-142779245,0.012358952831331
ENST00000343796,ENSG00000113580 (NR3C1),hsa-miR-582-5p,0.889911889877403
UTR3,5:142660209-142660234,0.00366405551343035
UTR3,5:142660055-142660082,0.00230390542343139
UTR3,5:142658177-142658200,0.00259322203944137
UTR3,5:142657657-142657676,0.0363008579288584
ENST00000343796,ENSG00000113580 (NR3C1),hsa-miR-1303,0.88960326635704
UTR3,5:142660807-142660829,0.0172666715542325
UTR3,5:142660323-142660343,0.0113146665100582
UTR3,5:142659119-142659139,0.0152667699993255
UTR3,5:142659001-142659012,0.000962508841486393
ENST00000343796,ENSG00000113580 (NR3C1),hsa-miR-548ar-3p,0.888955863929697
UTR3,5:142661359-142661378,0.00471897761843539
UTR3,5:142661326-142661341,0.00664349068097566
UTR3,5:142660932-142660953,0.00734629740406649
UTR3,5:142659777-142659805,0.00338644980968213
UTR3,5:142658136-142658152,0.00274959311679851
UTR3,5:142657733-142657754,0.0188771645854404
UTR3,5:142779239-142779245,0.00904669550076
ENST00000343796,ENSG00000113580 (NR3C1),hsa-miR-3529-3p,0.8889460440153
UTR3,5:142661362-142661377,0.0343471646147776
UTR3,5:142661334-142661340,0.0103543616423451
ENST00000343796,ENSG00000113580 (NR3C1),hsa-miR-5692b,0.884759404237446
UTR3,5:142660114-142660134,0.00340132863581136
UTR3,5:142659988-142660011,0.00317294969799867
UTR3,5:142657845-142657859,0.0215484275977595
UTR3,5:142657827-142657851,0.00763039300759964
UTR3,5:142657808-142657821,0.0082664482365119
ENST00000343796,ENSG00000113580 (NR3C1),hsa-miR-3192-5p,0.884503411234578
UTR3,5:142661206-142661228,0.0327635818060074
UTR3,5:142658064-142658080,0.0112149699508116
ENST00000343796,ENSG00000113580 (NR3C1),hsa-miR-200a-3p,0.884125266481432
UTR3,5:142659023-142659046,0.0372459887460035
UTR3,5:142658671-142658698,0.00244019350327529
UTR3,5:142658579-142658600,0.00151668998659461
UTR3,5:142780000-142780022,0.0109339632052613
UTR3,5:142680165-142680183,0.011329506831822
ENST00000343796,ENSG00000113580 (NR3C1),hsa-miR-5692c,0.883729775209476
UTR3,5:142660114-142660141,0.00336027482978197
UTR3,5:142659988-142660014,0.00316117426885945
UTR3,5:142657845-142657859,0.0215729101853502
UTR3,5:142657827-142657852,0.00749433026106329
UTR3,5:142657808-142657821,0.0082664482365119
ENST00000343796,ENSG00000113580 (NR3C1),hsa-miR-501-5p,0.882707810181819
UTR3,5:142661157-142661177,0.00379411280763145
UTR3,5:142658032-142658059,0.00334134857633162
UTR3,5:142658006-142658026,0.0131962237051805
UTR3,5:142657975-142658001,0.0233615126499116
ENST00000343796,ENSG00000113580 (NR3C1),hsa-miR-548ae-3p,0.881823208578898
UTR3,5:142660501-142660506,0.00239503200432689
UTR3,5:142660224-142660246,0.00265188689866799
UTR3,5:142659753-142659773,0.00358537226296822
UTR3,5:142659219-142659228,0.003062006906233
UTR3,5:142659199-142659207,0.00124080757608076
UTR3,5:142659132-142659141,0.00147605982913764
UTR3,5:142659068-142659094,0.000903920327789116
UTR3,5:142658156-142658175,0.00448768214737728
UTR3,5:142657732-142657744,0.0223038052060969
UTR3,5:142779238-142779245,0.012358952831331
ENST00000343796,ENSG00000113580 (NR3C1),hsa-miR-6835-3p,0.88007622571398
UTR3,5:142661404-142661422,0.0101246005283072
UTR3,5:142659201-142659207,0.00496099195645318
UTR3,5:142659134-142659149,0.00241329201002407
UTR3,5:142657816-142657843,0.00824562022980549
UTR3,5:142657502-142657519,0.0175372525047584
ENST00000343796,ENSG00000113580 (NR3C1),hsa-miR-4999-5p,0.878090228537861
UTR3,5:142660855-142660871,0.00858280592065451
UTR3,5:142659392-142659412,0.00299427726071985
UTR3,5:142657545-142657573,0.0288433549274878
UTR3,5:142779388-142779408,0.0202604103822156
ENST00000343796,ENSG00000113580 (NR3C1),hsa-miR-6506-5p,0.877860787375847
UTR3,5:142661207-142661224,0.0377139891411377
UTR3,5:142659589-142659602,0.00134875356081604
UTR3,5:142658065-142658090,0.00387864108263688
ENST00000343796,ENSG00000113580 (NR3C1),hsa-miR-548ah-5p,0.876093207851457
UTR3,5:142661255-142661279,0.0218125879011033
UTR3,5:142660377-142660396,0.00208140177111766
UTR3,5:142658518-142658541,0.00333534127289014
UTR3,5:142658098-142658123,0.00453329150894514
UTR3,5:142657630-142657648,0.0109109875616416
ENST00000343796,ENSG00000113580 (NR3C1),hsa-miR-141-3p,0.875928175816582
UTR3,5:142659023-142659045,0.0359257305787682
UTR3,5:142658671-142658698,0.00244019350327529
UTR3,5:142658579-142658600,0.00149913784751945
UTR3,5:142780000-142780021,0.0100239837073781
UTR3,5:142680165-142680184,0.0115331662200718
ENST00000343796,ENSG00000113580 (NR3C1),hsa-miR-4709-5p,0.875509685226933
UTR3,5:142661363-142661379,0.00547867551094477
UTR3,5:142661335-142661345,0.0107055075225979
UTR3,5:142661059-142661086,0.00465750569724309
UTR3,5:142660123-142660149,0.0141606264857466
UTR3,5:142658645-142658668,0.00602607843134218
UTR3,5:142680189-142680202,0.0126736351375027
ENST00000343796,ENSG00000113580 (NR3C1),hsa-miR-4789-3p,0.871285522867703
UTR3,5:142661123-142661140,0.00523916089784582
UTR3,5:142660786-142660797,0.00759024234146232
UTR3,5:142660165-142660183,0.00267689478569321
UTR3,5:142660076-142660092,0.00267107614671396
UTR3,5:142659619-142659638,0.00166099234779037
UTR3,5:142658673-142658693,0.0056197168400939
UTR3,5:142658161-142658183,0.00482374193992145
UTR3,5:142658152-142658170,0.00157501502540758
UTR3,5:142657781-142657786,0.0101046680032751
ENST00000343796,ENSG00000113580 (NR3C1),hsa-miR-4659b-5p,0.871194713442736
UTR3,5:142661153-142661164,0.00715387392061016
UTR3,5:142660755-142660771,0.00750857767251332
UTR3,5:142660484-142660506,0.00558827429362604
UTR3,5:142660315-142660329,0.00962573078685227
UTR3,5:142659345-142659361,0.00198277650097553
UTR3,5:142657832-142657843,0.0100890448585718
ENST00000343796,ENSG00000113580 (NR3C1),hsa-miR-4689,0.870943247319226
UTR3,5:142657934-142657958,0.0413390105998081
UTR3,5:142693687-142693705,0.0047238137674918
ENST00000343796,ENSG00000113580 (NR3C1),hsa-miR-606,0.870916636945956
UTR3,5:142660438-142660464,0.0125392300018899
UTR3,5:142659913-142659935,0.00325166464366188
UTR3,5:142659706-142659718,0.00182811876886732
UTR3,5:142659503-142659525,0.00182428125556546
UTR3,5:142657734-142657740,0.0150300115318026
UTR3,5:142657704-142657712,0.00743450741258448
ENST00000343796,ENSG00000113580 (NR3C1),hsa-miR-29b-2-5p,0.869608447017855
UTR3,5:142661144-142661156,0.00465466408608029
UTR3,5:142659666-142659689,0.00603798730570015
UTR3,5:142658955-142658978,0.00417121673037284
UTR3,5:142657766-142657791,0.0192316022392449
UTR3,5:142657589-142657610,0.00762297142916177
ENST00000343796,ENSG00000113580 (NR3C1),hsa-miR-6739-5p,0.869305698909553
UTR3,5:142660820-142660839,0.030228795495012
UTR3,5:142660284-142660297,0.00389345518158326
UTR3,5:142658066-142658085,0.007552596067984
ENST00000343796,ENSG00000113580 (NR3C1),hsa-miR-340-5p,0.868703220705858
UTR3,5:142661301-142661321,0.00770651691569759
UTR3,5:142660951-142660967,0.00812556027845254
UTR3,5:142660917-142660942,0.0141875484857967
UTR3,5:142659927-142659943,0.00472787763701292
UTR3,5:142659709-142659720,0.00300802984915675
UTR3,5:142658977-142659000,0.00383281270060607
ENST00000343796,ENSG00000113580 (NR3C1),hsa-miR-3907,0.867513076915683
UTR3,5:142661150-142661171,0.00856365866301272
UTR3,5:142660603-142660626,0.0292923239982936
UTR3,5:142660071-142660096,0.00356247343540084
ENST00000343796,ENSG00000113580 (NR3C1),hsa-miR-142-3p,0.867160521746925
UTR3,5:142661313-142661320,0.0338244150538051
UTR3,5:142657916-142657940,0.00686194502317465
UTR3,5:142680282-142680308,0.00546798420243024
ENST00000343796,ENSG00000113580 (NR3C1),hsa-miR-4766-5p,0.867031255193527
UTR3,5:142661252-142661267,0.00470003761700133
UTR3,5:142660455-142660471,0.0167820696235439
UTR3,5:142659909-142659929,0.0113955151941552
UTR3,5:142659178-142659198,0.00352078518728741
UTR3,5:142658359-142658382,0.00163197982758821
UTR3,5:142658014-142658030,0.00331965757475016
ENST00000343796,ENSG00000113580 (NR3C1),hsa-miR-3606-5p,0.861717511924651
UTR3,5:142660349-142660368,0.0101331101063736
UTR3,5:142659884-142659896,0.0271624501174966
UTR3,5:142659276-142659296,0.00331358036963707
ENST00000343796,ENSG00000113580 (NR3C1),hsa-miR-548an,0.861411352291015
UTR3,5:142660955-142660978,0.0346059950185288
UTR3,5:142660448-142660473,0.00280213761117914
UTR3,5:142658307-142658333,0.0031590543228169
ENST00000343796,ENSG00000113580 (NR3C1),hsa-miR-1305,0.860777475556232
UTR3,5:142660998-142661024,0.00680216536937666
UTR3,5:142660119-142660136,0.0206159785441239
UTR3,5:142659967-142659989,0.00246398909499813
UTR3,5:142658593-142658612,0.00361957637607732
UTR3,5:142658293-142658315,0.00240732647585804
UTR3,5:142658271-142658292,0.00179040840682139
UTR3,5:142661596;142662133-142661606;142662145,0.0197606782795442
ENST00000343796,ENSG00000113580 (NR3C1),hsa-miR-3121-3p,0.860443473305194
UTR3,5:142660913-142660937,0.0038270471337716
UTR3,5:142660504-142660526,0.00172391660214449
UTR3,5:142660464-142660479,0.00165828389024585
UTR3,5:142660034-142660059,0.0031571450903441
UTR3,5:142659923-142659950,0.00201429076410071
UTR3,5:142659158-142659178,0.00265351435659541
UTR3,5:142658058-142658076,0.00487462122174086
UTR3,5:142657886-142657901,0.0205262469919121
ENST00000343796,ENSG00000113580 (NR3C1),hsa-miR-4318,0.85987015790769
UTR3,5:142661168-142661190,0.0170653467509173
UTR3,5:142661091-142661108,0.00321133176974684
UTR3,5:142659026-142659039,0.00309349797103092
UTR3,5:142657796-142657802,0.0169869904996085
ENST00000343796,ENSG00000113580 (NR3C1),hsa-miR-6823-5p,0.859471307048909
UTR3,5:142658296-142658317,0.0386910294656327
UTR3,5:142658183-142658203,0.00161210100132069
ENST00000343796,ENSG00000113580 (NR3C1),hsa-miR-3169,0.858755763002688
UTR3,5:142660620-142660639,0.0385772892005993
UTR3,5:142660141-142660169,0.00162921963459723
ENST00000343796,ENSG00000113580 (NR3C1),hsa-miR-4703-3p,0.858046849349489
UTR3,5:142660903-142660930,0.00472214498058889
UTR3,5:142660180-142660208,0.00562687671310107
UTR3,5:142658288-142658294,0.00824704486961199
UTR3,5:142657916-142657934,0.0215151184319236
ENST00000343796,ENSG00000113580 (NR3C1),hsa-miR-889-3p,0.857588169735852
UTR3,5:142659956-142659966,0.00757767923307594
UTR3,5:142659839-142659862,0.0026568046613211
UTR3,5:142657876-142657901,0.0228347878296526
UTR3,5:142657846-142657868,0.006980448571784
ENST00000343796,ENSG00000113580 (NR3C1),hsa-miR-5096,0.856020419293756
UTR3,5:142661228-142661243,0.0338421243575519
UTR3,5:142657669-142657692,0.00599874998659997
ENST00000343796,ENSG00000113580 (NR3C1),hsa-miR-6733-5p,0.855948066645704
UTR3,5:142660820-142660840,0.0275685889869133
UTR3,5:142660284-142660289,0.00414731459754104
UTR3,5:142658066-142658092,0.00811537817417883
ENST00000343796,ENSG00000113580 (NR3C1),hsa-miR-937-5p,0.852437343825532
UTR3,5:142660722-142660746,0.0371628934919541
UTR3,5:142658608-142658631,0.00220766890125651
ENST00000343796,ENSG00000113580 (NR3C1),hsa-miR-5582-5p,0.852434416860478
UTR3,5:142660958-142660968,0.0248197474709456
UTR3,5:142659061-142659083,0.0119785512624014
UTR3,5:142658494-142658515,0.00257188335483526
ENST00000343796,ENSG00000113580 (NR3C1),hsa-miR-6500-3p,0.850795557376923
UTR3,5:142660983-142660990,0.0277346964249872
UTR3,5:142657901-142657917,0.0114235182075414
ENST00000343796,ENSG00000113580 (NR3C1),hsa-miR-29b-1-5p,0.850584577621736
UTR3,5:142660400-142660420,0.00645598047077028
UTR3,5:142659323-142659343,0.00253671233271225
UTR3,5:142658955-142658979,0.0066723837040016
UTR3,5:142657766-142657791,0.0234659901270946
ENST00000343796,ENSG00000113580 (NR3C1),hsa-miR-5582-3p,0.850471524045638
UTR3,5:142661359-142661381,0.00464889944599414
UTR3,5:142661326-142661344,0.00653566472363129
UTR3,5:142660932-142660960,0.00741334014655287
UTR3,5:142659777-142659795,0.00354605975721484
UTR3,5:142658136-142658142,0.00344949238520953
UTR3,5:142657733-142657760,0.0101887618879
UTR3,5:142693587-142693608,0.0220789667128162
ENST00000343796,ENSG00000113580 (NR3C1),hsa-miR-3065-5p,0.850137011523848
UTR3,5:142661364-142661390,0.0345133973196632
UTR3,5:142660122-142660149,0.00268898390104948
UTR3,5:142658644-142658670,0.00187119891495993
ENST00000343796,ENSG00000113580 (NR3C1),hsa-let-7f-2-3p,0.849337906893338
UTR3,5:142661038-142661059,0.00646315568908276
UTR3,5:142660980-142661002,0.00605873175115353
UTR3,5:142660669-142660687,0.00494935668415592
UTR3,5:142660433-142660457,0.00287914637066383
UTR3,5:142659814-142659825,0.0053384698170234
UTR3,5:142657880-142657886,0.011310906728403
UTR3,5:142780137-142780163,0.0136446123374164
ENST00000343796,ENSG00000113580 (NR3C1),hsa-miR-4776-3p,0.848200961514491
UTR3,5:142661283-142661303,0.00626947870184159
UTR3,5:142660483-142660502,0.0203501153236854
UTR3,5:142660315-142660326,0.0094536915275722
UTR3,5:142659345-142659367,0.00275323943189717
ENST00000343796,ENSG00000113580 (NR3C1),hsa-miR-4801,0.847171905355254
UTR3,5:142659982-142660000,0.0132473218496171
UTR3,5:142659089-142659100,0.00155264299927426
UTR3,5:142658439-142658445,0.00254603993418126
UTR3,5:142657780-142657785,0.00671499036940816
UTR3,5:142657646-142657665,0.0146352660491401
ENST00000343796,ENSG00000113580 (NR3C1),hsa-miR-30b-5p,0.843263271310923
UTR3,5:142660988-142661004,0.0240461346832436
UTR3,5:142659852-142659879,0.00350807132895837
UTR3,5:142659501-142659526,0.00154019235750747
UTR3,5:142657548-142657573,0.00911353494496662
ENST00000343796,ENSG00000113580 (NR3C1),hsa-miR-3911,0.842238575477135
UTR3,5:142658938-142658958,0.00162411688397548
UTR3,5:142657585-142657610,0.0364574400375581
ENST00000343796,ENSG00000113580 (NR3C1),hsa-miR-4699-3p,0.841581042696707
UTR3,5:142659312-142659334,0.0036286697174014
UTR3,5:142657613-142657618,0.012850782441795
UTR3,5:142657562-142657574,0.0215213618390146
ENST00000343796,ENSG00000113580 (NR3C1),hsa-miR-548ay-3p,0.841510621405028
UTR3,5:142661367-142661387,0.0114704405662246
UTR3,5:142661331-142661343,0.00576355810316557
UTR3,5:142660933-142660951,0.0104722573435208
UTR3,5:142658137-142658163,0.00347437156464418
UTR3,5:142658018-142658038,0.00442852535277668
UTR3,5:142662168-142662188,0.0156834635871581
ENST00000343796,ENSG00000113580 (NR3C1),hsa-miR-548at-3p,0.840689928398934
UTR3,5:142661367-142661388,0.0120341321092912
UTR3,5:142661331-142661349,0.00559859812640494
UTR3,5:142660933-142660947,0.00952232058753336
UTR3,5:142658137-142658159,0.00380778123107252
UTR3,5:142658018-142658041,0.00451386133054246
UTR3,5:142662168-142662186,0.0158207796283359
ENST00000343796,ENSG00000113580 (NR3C1),hsa-miR-18b-5p,0.84068773595195
UTR3,5:142661192-142661204,0.00441929499712766
UTR3,5:142660069-142660097,0.0315669757308967
UTR3,5:142779833-142779860,0.0127083358754733
ENST00000343796,ENSG00000113580 (NR3C1),hsa-miR-183-5p,0.840609080574834
UTR3,5:142660160-142660184,0.036372042367874
UTR3,5:142658390-142658409,0.00150991455684686
ENST00000343796,ENSG00000113580 (NR3C1),hsa-miR-18a-5p,0.840476009796773
UTR3,5:142661192-142661214,0.00430783378622713
UTR3,5:142660069-142660097,0.0316543393970286
UTR3,5:142779833-142779858,0.0126858940867798
ENST00000343796,ENSG00000113580 (NR3C1),hsa-miR-6858-5p,0.838667797398654
UTR3,5:142657935-142657956,0.0371552444868805
UTR3,5:142693688-142693706,0.00341831884187031
ENST00000343796,ENSG00000113580 (NR3C1),hsa-miR-30d-5p,0.837379424834009
UTR3,5:142660988-142661005,0.0233113626673444
UTR3,5:142659852-142659876,0.00354791056118406
UTR3,5:142659501-142659523,0.00148155284787465
UTR3,5:142657548-142657569,0.00915035726712494
ENST00000343796,ENSG00000113580 (NR3C1),hsa-miR-30a-5p,0.837279473057527
UTR3,5:142660988-142661005,0.0236346166948153
UTR3,5:142659852-142659876,0.00357213341776726
UTR3,5:142659501-142659523,0.00137633911507277
UTR3,5:142657548-142657569,0.00889610071780206
ENST00000343796,ENSG00000113580 (NR3C1),hsa-miR-6846-3p,0.837178223003543
UTR3,5:142659744-142659751,0.0374670468145466
ENST00000343796,ENSG00000113580 (NR3C1),hsa-miR-95-5p,0.836959395005461
UTR3,5:142661400-142661415,0.0195019725764947
UTR3,5:142661349-142661355,0.0118020594403087
UTR3,5:142660861-142660873,0.00499429907358265
UTR3,5:142680178-142680197,0.00770646657709702
ENST00000343796,ENSG00000113580 (NR3C1),hsa-miR-30e-5p,0.83543082120001
UTR3,5:142660988-142661005,0.0233113626673444
UTR3,5:142659852-142659876,0.00340751857086881
UTR3,5:142659501-142659523,0.0014626667257896
UTR3,5:142657548-142657569,0.00907688067152308
ENST00000343796,ENSG00000113580 (NR3C1),hsa-miR-4793-3p,0.835109933743591
UTR3,5:142659616-142659640,0.00136628774210047
UTR3,5:142659304-142659327,0.0358540245618226
ENST00000343796,ENSG00000113580 (NR3C1),hsa-miR-30c-5p,0.835004109767068
UTR3,5:142660988-142661004,0.0233916851263624
UTR3,5:142659852-142659876,0.00340751857086881
UTR3,5:142659501-142659528,0.00151245073697669
UTR3,5:142657548-142657573,0.00889610071780206
ENST00000343796,ENSG00000113580 (NR3C1),hsa-miR-4731-3p,0.834371275864372
UTR3,5:142660165-142660176,0.00207837386079142
UTR3,5:142658152-142658178,0.00536564058673275
UTR3,5:142658150-142658178,0.00198983364332816
UTR3,5:142658148-142658164,0.00195501285026252
UTR3,5:142658146-142658164,0.00168977247524617
UTR3,5:142657646-142657669,0.0240541637323429
ENST00000343796,ENSG00000113580 (NR3C1),hsa-miR-4645-3p,0.83311755167905
UTR3,5:142660939-142660961,0.0340422357336752
UTR3,5:142660522-142660542,0.00175575620994725
UTR3,5:142779498-142779518,0.00786427131683063
ENST00000343796,ENSG00000113580 (NR3C1),hsa-miR-106a-5p,0.826608087148086
UTR3,5:142661255-142661277,0.0127059965913262
UTR3,5:142661100-142661118,0.00496651301956964
UTR3,5:142658518-142658544,0.00338825510824197
UTR3,5:142658098-142658116,0.00434529190391229
UTR3,5:142657630-142657655,0.0108253139068141
ENST00000343796,ENSG00000113580 (NR3C1),hsa-miR-656-3p,0.825998203304854
UTR3,5:142661214-142661239,0.00504676078687745
UTR3,5:142661188-142661208,0.00326177048263554
UTR3,5:142660320-142660335,0.00309318530463277
UTR3,5:142659958-142659974,0.00544564848759751
UTR3,5:142659936-142659950,0.00216416874666485
UTR3,5:142659104-142659118,0.00427699174842672
UTR3,5:142659042-142659055,0.00106805319696228
UTR3,5:142658266-142658281,0.00324954602736596
UTR3,5:142657892-142657912,0.00855579560267625
ENST00000343796,ENSG00000113580 (NR3C1),hsa-miR-4738-3p,0.824405776590446
UTR3,5:142659911-142659934,0.00824510922293953
UTR3,5:142659016-142659037,0.00997648804135232
UTR3,5:142658336-142658356,0.0124390225340465
UTR3,5:142658076-142658093,0.0025427172068656
UTR3,5:142780156-142780179,0.0168534403467955
ENST00000343796,ENSG00000113580 (NR3C1),hsa-miR-587,0.823981977083917
UTR3,5:142661006-142661022,0.0155410779663494
UTR3,5:142659946-142659961,0.00807451150932558
UTR3,5:142658277-142658293,0.00276278059759114
UTR3,5:142661485-142661511,0.0474382415695079
ENST00000343796,ENSG00000113580 (NR3C1),hsa-miR-369-3p,0.81888030502732
UTR3,5:142660114-142660139,0.00353092369556349
UTR3,5:142659988-142660004,0.00300157360647509
UTR3,5:142659160-142659181,0.00293629515666958
UTR3,5:142657845-142657863,0.00949065916109323
UTR3,5:142657827-142657841,0.00824941028083996
UTR3,5:142657808-142657826,0.00815633736101305
ENST00000343796,ENSG00000113580 (NR3C1),hsa-miR-3662,0.816220342408719
UTR3,5:142661073-142661094,0.00421401070161601
UTR3,5:142661023-142661040,0.00508890330305536
UTR3,5:142660891-142660915,0.0106198043395612
UTR3,5:142660293-142660311,0.00699183520890299
UTR3,5:142658924-142658948,0.00170594443556927
UTR3,5:142658056-142658082,0.00562510754279298
UTR3,5:142779656-142779680,0.00520005250174105
ENST00000343796,ENSG00000113580 (NR3C1),hsa-miR-1299,0.815913018931713
UTR3,5:142660408-142660430,0.0199981058401565
UTR3,5:142658953-142658981,0.00171945516703853
UTR3,5:142658231-142658248,0.00997349939877291
UTR3,5:142779994-142780021,0.00862902370372223
UTR3,5:142680136-142680161,0.0107364121363295
ENST00000343796,ENSG00000113580 (NR3C1),hsa-miR-5002-5p,0.815079379657706
UTR3,5:142660817-142660839,0.00463204826971027
UTR3,5:142660630-142660658,0.00547717215539496
UTR3,5:142659991-142660007,0.00689345823773518
UTR3,5:142659239-142659264,0.00252599234856391
UTR3,5:142658499-142658519,0.00286828386784688
UTR3,5:142657536-142657557,0.010824737522999
UTR3,5:142678347-142678368,0.0104892222912989
ENST00000343796,ENSG00000113580 (NR3C1),hsa-miR-153-5p,0.814789917477626
UTR3,5:142660779-142660799,0.00761514776215299
UTR3,5:142660309-142660328,0.00418186575070228
UTR3,5:142659834-142659860,0.00910650717096921
UTR3,5:142659232-142659260,0.00440253579587514
UTR3,5:142657987-142658006,0.00329177361676212
UTR3,5:142657784-142657804,0.00632052121822344
ENST00000343796,ENSG00000113580 (NR3C1),hsa-miR-216b-3p,0.814631363249191
UTR3,5:142659090-142659116,0.00167158835798156
UTR3,5:142658151-142658176,0.002105723634502
UTR3,5:142658149-142658176,0.00180202983841942
UTR3,5:142658147-142658173,0.00163350740360693
UTR3,5:142658145-142658173,0.00139357995707424
UTR3,5:142657899-142657913,0.0262947556528684
ENST00000343796,ENSG00000113580 (NR3C1),hsa-miR-619-5p,0.812275431727295
UTR3,5:142661207-142661228,0.0296101841138874
UTR3,5:142659381-142659395,0.00129738901159846
UTR3,5:142658065-142658088,0.00373986267356559
ENST00000343796,ENSG00000113580 (NR3C1),hsa-miR-5187-5p,0.810308815754443
UTR3,5:142661208-142661228,0.00449327923005304
UTR3,5:142660174-142660199,0.0039186611656028
UTR3,5:142658918-142658944,0.0214469486875585
UTR3,5:142658658-142658686,0.00457859833601277
ENST00000343796,ENSG00000113580 (NR3C1),hsa-miR-377-3p,0.809726107024888
UTR3,5:142661121-142661141,0.00955196820502896
UTR3,5:142660785-142660807,0.0217079313940944
UTR3,5:142660414-142660426,0.00311570063077748
ENST00000343796,ENSG00000113580 (NR3C1),hsa-miR-1264,0.809199398172886
UTR3,5:142661287-142661315,0.0238686154454018
UTR3,5:142661066-142661089,0.00677928885541436
UTR3,5:142660379-142660396,0.00218599953655394
UTR3,5:142780222-142780244,0.00890699204611955
ENST00000343796,ENSG00000113580 (NR3C1),hsa-miR-548z,0.80757172203244
UTR3,5:142661021-142661044,0.00528135955545251
UTR3,5:142660501-142660513,0.00234029276970155
UTR3,5:142660224-142660249,0.00273261492499209
UTR3,5:142659753-142659770,0.00360649931879737
UTR3,5:142659219-142659243,0.00301414539753222
UTR3,5:142659199-142659226,0.00123833762942274
UTR3,5:142659132-142659148,0.00145663514296265
UTR3,5:142659068-142659092,0.000852059290850782
UTR3,5:142658156-142658181,0.004527582824758
UTR3,5:142657732-142657748,0.00909851482475574
ENST00000343796,ENSG00000113580 (NR3C1),hsa-miR-548h-3p,0.80757172203244
UTR3,5:142661021-142661044,0.00528135955545251
UTR3,5:142660501-142660513,0.00234029276970155
UTR3,5:142660224-142660249,0.00273261492499209
UTR3,5:142659753-142659770,0.00360649931879737
UTR3,5:142659219-142659243,0.00301414539753222
UTR3,5:142659199-142659226,0.00123833762942274
UTR3,5:142659132-142659148,0.00145663514296265
UTR3,5:142659068-142659092,0.000852059290850782
UTR3,5:142658156-142658181,0.004527582824758
UTR3,5:142657732-142657748,0.00909851482475574
ENST00000343796,ENSG00000113580 (NR3C1),hsa-miR-6755-3p,0.8073609185677
UTR3,5:142661281-142661300,0.0171312119870543
UTR3,5:142659366-142659374,0.00782627630561863
UTR3,5:142659256-142659261,0.00105917593630312
UTR3,5:142658823-142658840,0.00187144933438871
UTR3,5:142658604-142658631,0.0031546487033984
UTR3,5:142779283-142779300,0.0174756934905322
ENST00000343796,ENSG00000113580 (NR3C1),hsa-miR-4480,0.806495291653241
UTR3,5:142661285-142661303,0.0261345556480142
UTR3,5:142658907-142658931,0.00235471184758567
UTR3,5:142658471-142658485,0.00243590732032299
UTR3,5:142658196-142658216,0.00310989496675041
ENST00000343796,ENSG00000113580 (NR3C1),hsa-miR-548ac,0.80598651488107
UTR3,5:142661021-142661039,0.00536667058112811
UTR3,5:142660501-142660512,0.00210580661280277
UTR3,5:142660224-142660246,0.00263548241436258
UTR3,5:142659753-142659758,0.00362365036832688
UTR3,5:142659219-142659239,0.00311081525002279
UTR3,5:142659199-142659225,0.00123914807823119
UTR3,5:142659132-142659148,0.00145774210067335
UTR3,5:142659068-142659091,0.000756810330483932
UTR3,5:142658156-142658179,0.00444407052126581
UTR3,5:142657732-142657748,0.00924164338959489
ENST00000343796,ENSG00000113580 (NR3C1),hsa-miR-374b-5p,0.805979716039243
UTR3,5:142660916-142660940,0.0104258463084932
UTR3,5:142660644-142660663,0.00528895799665835
UTR3,5:142659926-142659946,0.00499023512536462
UTR3,5:142657844-142657863,0.0132760896142701
ENST00000343796,ENSG00000113580 (NR3C1),hsa-miR-4474-3p,0.803669434646937
UTR3,5:142660023-142660046,0.0337407482976795
ENST00000343796,ENSG00000113580 (NR3C1),hsa-miR-367-5p,0.802802455745961
UTR3,5:142661280-142661302,0.0276133233889173
UTR3,5:142660624-142660643,0.00218689811027951
UTR3,5:142659528-142659539,0.00273211926250236
UTR3,5:142659365-142659383,0.00111875197641209
ENST00000343796,ENSG00000113580 (NR3C1),hsa-miR-2115-3p,0.798988246228506
UTR3,5:142660758-142660777,0.00510584674092065
UTR3,5:142658835-142658863,0.0016314158260918
UTR3,5:142657962-142657980,0.0265228855913997
ENST00000343796,ENSG00000113580 (NR3C1),hsa-miR-5571-5p,0.797421201126476
UTR3,5:142660648-142660663,0.0210177037632569
UTR3,5:142658363-142658387,0.00248177126558297
UTR3,5:142657571-142657591,0.00960166658490991
ENST00000343796,ENSG00000113580 (NR3C1),hsa-miR-1256,0.797417606536494
UTR3,5:142658495-142658522,0.00488423859443913
UTR3,5:142657540-142657561,0.0282165393373677
ENST00000343796,ENSG00000113580 (NR3C1),hsa-miR-5681a,0.796441048935177
UTR3,5:142661112-142661133,0.00654302763061829
UTR3,5:142661063-142661073,0.00361583089602601
UTR3,5:142660081-142660100,0.0119593706205373
UTR3,5:142660059-142660080,0.00147881521140697
UTR3,5:142659267-142659294,0.0077215186064398
UTR3,5:142779379-142779389,0.00962354850764015
ENST00000343796,ENSG00000113580 (NR3C1),hsa-miR-6513-5p,0.794734630969826
UTR3,5:142661132-142661157,0.00374787287364046
UTR3,5:142660818-142660844,0.0131922862891021
UTR3,5:142660337-142660342,0.00371771720191272
UTR3,5:142658917-142658940,0.00479377073076402
UTR3,5:142658657-142658683,0.00370163689965795
UTR3,5:142658462-142658483,0.00251857192669736
UTR3,5:142693661-142693681,0.0066963063715333
ENST00000343796,ENSG00000113580 (NR3C1),hsa-miR-1288-5p,0.794734105798778
UTR3,5:142660662-142660677,0.00547192928077861
UTR3,5:142658245-142658265,0.010189534237671
UTR3,5:142657506-142657532,0.0113446849091924
UTR3,5:142678244-142678262,0.0294073633332548
ENST00000343796,ENSG00000113580 (NR3C1),hsa-miR-578,0.792100897562567
UTR3,5:142660481-142660501,0.00351902270026011
UTR3,5:142660020-142660042,0.0170101942078542
UTR3,5:142658874-142658897,0.00181708840604531
UTR3,5:142658790-142658814,0.00104271941601907
UTR3,5:142657821-142657844,0.00755330754708838
UTR3,5:142680267-142680293,0.0091867386486732
ENST00000343796,ENSG00000113580 (NR3C1),hsa-miR-506-3p,0.788909844739458
UTR3,5:142660957-142660979,0.0322530973543507
ENST00000343796,ENSG00000113580 (NR3C1),hsa-miR-892a,0.7867085916158
UTR3,5:142661168-142661183,0.00534482387913709
UTR3,5:142661091-142661096,0.0049821466449001
UTR3,5:142659527-142659532,0.00182338221014609
UTR3,5:142659026-142659031,0.00310721956387815
UTR3,5:142657796-142657801,0.0167803050867657
ENST00000343796,ENSG00000113580 (NR3C1),hsa-miR-4482-3p,0.786409495408104
UTR3,5:142660098-142660115,0.00597166868182349
UTR3,5:142659975-142659999,0.0149099620394696
UTR3,5:142658975-142658996,0.00150634463140191
UTR3,5:142658892-142658909,0.00606854868675875
UTR3,5:142657990-142658004,0.00355223552252548
ENST00000343796,ENSG00000113580 (NR3C1),hsa-miR-513a-5p,0.785886781986577
UTR3,5:142660784-142660797,0.00614210010790746
UTR3,5:142660137-142660152,0.0243362648030998
UTR3,5:142780286-142780301,0.00824513669910838
ENST00000343796,ENSG00000113580 (NR3C1),hsa-miR-627-3p,0.785133361448538
UTR3,5:142660970-142660987,0.0155890643945774
UTR3,5:142660557-142660569,0.00414796881810387
UTR3,5:142659010-142659029,0.00170819625438469
UTR3,5:142658792-142658819,0.00478357186315929
UTR3,5:142658758-142658770,0.00199114054888074
UTR3,5:142658592-142658618,0.00366491500485332
ENST00000343796,ENSG00000113580 (NR3C1),hsa-miR-3681-3p,0.783391601807266
UTR3,5:142661124-142661141,0.00523528615525085
UTR3,5:142660787-142660795,0.0032010045335304
UTR3,5:142660575-142660602,0.00340273335230888
UTR3,5:142660077-142660095,0.00490281371125376
UTR3,5:142659620-142659646,0.00107635688601926
UTR3,5:142657838-142657865,0.0138984103302407
ENST00000343796,ENSG00000113580 (NR3C1),hsa-miR-5702,0.781284682622205
UTR3,5:142660722-142660729,0.0200957346110924
UTR3,5:142657760-142657786,0.0114186472522921
ENST00000343796,ENSG00000113580 (NR3C1),hsa-miR-4643,0.779761160364099
UTR3,5:142660166-142660179,0.00175649152223828
UTR3,5:142658673-142658698,0.00239125106414192
UTR3,5:142658438-142658449,0.00261842198059003
UTR3,5:142658161-142658179,0.00443815538308297
UTR3,5:142658144-142658162,0.00150087463043841
UTR3,5:142657898-142657917,0.00924927124612227
UTR3,5:142657781-142657798,0.00941456022999306
ENST00000343796,ENSG00000113580 (NR3C1),hsa-miR-129-5p,0.777735527790668
UTR3,5:142660994-142661014,0.00446705681214953
UTR3,5:142660730-142660757,0.00465234770773353
UTR3,5:142660698-142660723,0.00258233156952147
UTR3,5:142660684-142660708,0.00213409320783279
UTR3,5:142660335-142660347,0.00389581697540652
UTR3,5:142660312-142660328,0.0014302504684924
UTR3,5:142659011-142659036,0.00446577340545638
UTR3,5:142658898-142658916,0.00147858724829318
UTR3,5:142658877-142658891,0.000911455453406312
UTR3,5:142657694-142657708,0.00515916495285446
ENST00000343796,ENSG00000113580 (NR3C1),hsa-miR-4477a,0.77765813122795
UTR3,5:142661409-142661426,0.00746714721229378
UTR3,5:142661215-142661240,0.00596219217254544
UTR3,5:142661189-142661205,0.00944249757659072
UTR3,5:142659978-142659994,0.00396129438212026
UTR3,5:142659155-142659169,0.00433642963180323
ENST00000343796,ENSG00000113580 (NR3C1),hsa-miR-1284,0.777461603335074
UTR3,5:142661300-142661314,0.00528181842564036
UTR3,5:142661038-142661052,0.00587512160973614
UTR3,5:142660609-142660626,0.00652112793992534
UTR3,5:142659814-142659825,0.00719932563763857
UTR3,5:142657910-142657915,0.00627359640642038
ENST00000343796,ENSG00000113580 (NR3C1),hsa-miR-182-5p,0.777335422807181
UTR3,5:142659287-142659311,0.00507526109227632
UTR3,5:142657537-142657562,0.0260638116343965
ENST00000343796,ENSG00000113580 (NR3C1),hsa-miR-320e,0.776649181250397
UTR3,5:142661405-142661432,0.0100832225165168
UTR3,5:142660824-142660838,0.00590552730653956
UTR3,5:142659855-142659867,0.00557726167309053
UTR3,5:142657817-142657828,0.00950833240320993
ENST00000343796,ENSG00000113580 (NR3C1),hsa-miR-876-3p,0.775970169710553
UTR3,5:142661141-142661160,0.0286219601040722
UTR3,5:142659545-142659551,0.00238847623405412
ENST00000343796,ENSG00000113580 (NR3C1),hsa-miR-4517,0.775398423294996
UTR3,5:142660675-142660685,0.0133737027414554
UTR3,5:142660035-142660053,0.00478246189315579
UTR3,5:142659896-142659923,0.010785249664937
UTR3,5:142659103-142659127,0.00201531688249513
ENST00000343796,ENSG00000113580 (NR3C1),hsa-miR-126-5p,0.775334674420436
UTR3,5:142659283-142659309,0.00215928977198364
UTR3,5:142658848-142658869,0.00261675461303339
UTR3,5:142657715-142657741,0.0136069430628763
UTR3,5:142657712-142657725,0.0125677617114404
ENST00000343796,ENSG00000113580 (NR3C1),hsa-miR-495-3p,0.77337748102685
UTR3,5:142661365-142661388,0.00560625577441732
UTR3,5:142661346-142661374,0.00693358679546486
UTR3,5:142661328-142661344,0.0108078005255808
UTR3,5:142659779-142659805,0.0031829508976455
UTR3,5:142659216-142659233,0.00317026325244341
UTR3,5:142659186-142659210,0.00106681711173185
ENST00000343796,ENSG00000113580 (NR3C1),hsa-miR-7844-5p,0.772757344725953
UTR3,5:142660438-142660463,0.00489857775263501
UTR3,5:142659913-142659938,0.00318664441234041
UTR3,5:142659706-142659725,0.00177598892272632
UTR3,5:142659503-142659520,0.00154750714040639
UTR3,5:142659339-142659362,0.00113996883505963
UTR3,5:142657733-142657748,0.0181612135969625
ENST00000343796,ENSG00000113580 (NR3C1),hsa-miR-6757-5p,0.772387566598052
UTR3,5:142660172-142660200,0.0290989335580957
UTR3,5:142779383-142779389,0.00843794435627892
ENST00000343796,ENSG00000113580 (NR3C1),hsa-miR-4646-3p,0.77190166975487
UTR3,5:142657856-142657863,0.0306303659171874
ENST00000343796,ENSG00000113580 (NR3C1),hsa-miR-4671-3p,0.770876164299535
UTR3,5:142661315-142661328,0.0140385306675385
UTR3,5:142660349-142660372,0.00335254997293343
UTR3,5:142659481-142659500,0.013144241234471
ENST00000343796,ENSG00000113580 (NR3C1),hsa-miR-4422,0.770233392607332
UTR3,5:142659201-142659220,0.0107373823304436
UTR3,5:142659134-142659145,0.00245721523157713
UTR3,5:142657502-142657508,0.0172813044761603
ENST00000343796,ENSG00000113580 (NR3C1),hsa-miR-224-3p,0.76882419031188
UTR3,5:142661023-142661044,0.00663955885679026
UTR3,5:142660891-142660904,0.00519628437784689
UTR3,5:142660294-142660311,0.0070156154002047
UTR3,5:142657551-142657577,0.0114945790726018
ENST00000343796,ENSG00000113580 (NR3C1),hsa-miR-4694-3p,0.768217084968843
UTR3,5:142660295-142660311,0.00515595352841917
UTR3,5:142659139-142659145,0.00284919240790527
UTR3,5:142657581-142657603,0.0112301906744277
UTR3,5:142657551-142657562,0.011054924313595
ENST00000343796,ENSG00000113580 (NR3C1),hsa-miR-147a,0.76760221679501
UTR3,5:142658937-142658957,0.00144425971644515
UTR3,5:142657584-142657611,0.0287896151114197
ENST00000343796,ENSG00000113580 (NR3C1),hsa-miR-6512-3p,0.767495639763197
UTR3,5:142661083-142661104,0.0189588624241067
UTR3,5:142659078-142659088,0.00340276434018192
UTR3,5:142658424-142658439,0.00243770666269815
UTR3,5:142689752-142689768,0.0114248579352563
UTR3,5:142689674-142689699,0.014420876388725
ENST00000343796,ENSG00000113580 (NR3C1),hsa-miR-4457,0.767243370973916
UTR3,5:142660415-142660443,0.00262878310380274
UTR3,5:142660221-142660242,0.0024343034967567
UTR3,5:142657648-142657670,0.0251379285616247
ENST00000343796,ENSG00000113580 (NR3C1),hsa-let-7c-3p,0.766231247988052
UTR3,5:142660856-142660869,0.0269933892441083
UTR3,5:142659701-142659710,0.00311513502539154
ENST00000343796,ENSG00000113580 (NR3C1),hsa-miR-6728-5p,0.76419332705299
UTR3,5:142661207-142661221,0.00682509858664764
UTR3,5:142660819-142660838,0.0029960823965019
UTR3,5:142658917-142658933,0.0136629867596679
UTR3,5:142658657-142658685,0.00643896529027122
ENST00000343796,ENSG00000113580 (NR3C1),hsa-miR-429,0.764123279856772
UTR3,5:142660709-142660720,0.0135101997172187
UTR3,5:142659174-142659197,0.00609586112613501
UTR3,5:142658588-142658600,0.00354318908679224
UTR3,5:142657597-142657614,0.00676753061491621
ENST00000343796,ENSG00000113580 (NR3C1),hsa-miR-539-3p,0.763954947399181
UTR3,5:142659715-142659743,0.00361460681340558
UTR3,5:142657949-142657961,0.0227948977646
UTR3,5:142675049-142675067,0.0173508144149858
ENST00000343796,ENSG00000113580 (NR3C1),hsa-miR-3120-3p,0.762804427176393
UTR3,5:142658785-142658790,0.00177996201007996
UTR3,5:142658704-142658723,0.00113873487905292
UTR3,5:142657607-142657620,0.0268787210761404
ENST00000343796,ENSG00000113580 (NR3C1),hsa-miR-548d-3p,0.761339813759448
UTR3,5:142661021-142661040,0.00548156785749026
UTR3,5:142660501-142660515,0.00236201951107916
UTR3,5:142659753-142659772,0.00359378181136052
UTR3,5:142659219-142659239,0.00331593294812538
UTR3,5:142659068-142659084,0.00134970397573827
UTR3,5:142658156-142658177,0.00445515273055382
UTR3,5:142657732-142657748,0.00910723913943241
ENST00000343796,ENSG00000113580 (NR3C1),hsa-miR-8055,0.761290836096354
UTR3,5:142661163-142661182,0.00428469919243054
UTR3,5:142660720-142660725,0.00478014117205297
UTR3,5:142660048-142660068,0.00421583898995143
UTR3,5:142659741-142659756,0.00347539473667767
UTR3,5:142658900-142658922,0.00595924368827439
UTR3,5:142657933-142657956,0.00694567499088851
ENST00000343796,ENSG00000113580 (NR3C1),hsa-miR-200b-3p,0.760937990553282
UTR3,5:142660709-142660720,0.0135101997172187
UTR3,5:142659174-142659195,0.00635012143106062
UTR3,5:142658588-142658608,0.0034999182439009
UTR3,5:142657597-142657623,0.00626903566782251
ENST00000343796,ENSG00000113580 (NR3C1),hsa-miR-3617-5p,0.760654605024307
UTR3,5:142660459-142660478,0.00567952551492613
UTR3,5:142657687-142657713,0.0212370266488408
UTR3,5:142689684-142689711,0.0135350684859665
ENST00000343796,ENSG00000113580 (NR3C1),hsa-miR-4773,0.76040442733044
UTR3,5:142657603-142657627,0.0295813733380488
ENST00000343796,ENSG00000113580 (NR3C1),hsa-miR-6720-5p,0.759657201888208
UTR3,5:142661083-142661104,0.0191828006305828
UTR3,5:142659078-142659097,0.00393717831549966
UTR3,5:142658424-142658448,0.00226128257577832
UTR3,5:142689752-142689779,0.0100391794435228
UTR3,5:142689674-142689695,0.00994981875293953
ENST00000343796,ENSG00000113580 (NR3C1),hsa-miR-4471,0.757897348940281
UTR3,5:142660820-142660845,0.00339280978075676
UTR3,5:142660284-142660302,0.00404416160942297
UTR3,5:142658311-142658333,0.0219202952404228
ENST00000343796,ENSG00000113580 (NR3C1),hsa-miR-548bb-3p,0.757036410457642
UTR3,5:142661021-142661040,0.00540153497106491
UTR3,5:142660501-142660516,0.0022869431707319
UTR3,5:142659753-142659770,0.00351210605260086
UTR3,5:142659219-142659239,0.00308141548810555
UTR3,5:142659068-142659096,0.00129368956142755
UTR3,5:142658156-142658177,0.00449983775857276
UTR3,5:142657732-142657748,0.009205145619681
ENST00000343796,ENSG00000113580 (NR3C1),hsa-miR-1237-3p,0.756662355870022
UTR3,5:142661158-142661185,0.013494837008879
UTR3,5:142658124-142658144,0.0129625646439218
UTR3,5:142779941-142779959,0.0138806608430155
ENST00000343796,ENSG00000113580 (NR3C1),hsa-miR-6864-3p,0.753161096748462
UTR3,5:142660352-142660357,0.00387143254603633
UTR3,5:142659673-142659689,0.00283594251312473
UTR3,5:142658941-142658967,0.00210890831106369
UTR3,5:142658324-142658332,0.0181858842578158
UTR3,5:142680272-142680292,0.00977366710341313
ENST00000343796,ENSG00000113580 (NR3C1),hsa-miR-548l,0.752488278775756
UTR3,5:142661100-142661125,0.0144867878668583
UTR3,5:142660377-142660393,0.00219258938414017
UTR3,5:142659402-142659427,0.00137219353356073
UTR3,5:142657630-142657658,0.0108274938046851
ENST00000343796,ENSG00000113580 (NR3C1),hsa-miR-200c-3p,0.751870426327802
UTR3,5:142660709-142660735,0.0137401594663054
UTR3,5:142659174-142659195,0.00635012143106062
UTR3,5:142658588-142658611,0.00340071920922568
UTR3,5:142657597-142657624,0.00533389145916221
ENST00000343796,ENSG00000113580 (NR3C1),hsa-miR-8081,0.750807535560552
UTR3,5:142660721-142660746,0.0216047715794272
UTR3,5:142660049-142660054,0.00382222723829513
UTR3,5:142659497-142659520,0.00117736369998565
UTR3,5:142680131-142680150,0.0106263116443607
ENST00000343796,ENSG00000113580 (NR3C1),hsa-miR-500a-5p,0.750077458400356
UTR3,5:142658031-142658059,0.0051519782355414
UTR3,5:142658006-142658026,0.00722286187503746
UTR3,5:142657975-142658001,0.0162933542165706
ENST00000343796,ENSG00000113580 (NR3C1),hsa-miR-96-5p,0.744908258717655
UTR3,5:142657537-142657562,0.0272283811480238
UTR3,5:142779300-142779322,0.0050398313460988
ENST00000343796,ENSG00000113580 (NR3C1),hsa-miR-208a-5p,0.743453421949307
UTR3,5:142660681-142660688,0.0204141731644841
UTR3,5:142660477-142660498,0.0021482797988349
UTR3,5:142660239-142660259,0.00553321990996315
ENST00000343796,ENSG00000113580 (NR3C1),hsa-miR-3607-3p,0.742161154035459
UTR3,5:142659579-142659592,0.00114795573388367
UTR3,5:142657547-142657569,0.0268371628806417
ENST00000343796,ENSG00000113580 (NR3C1),hsa-miR-135a-5p,0.740399877476548
UTR3,5:142660160-142660181,0.00360693863236253
UTR3,5:142658751-142658773,0.0100604735780344
UTR3,5:142657553-142657577,0.00896207800807539
UTR3,5:142662212-142662237,0.0234989371071837
ENST00000343796,ENSG00000113580 (NR3C1),hsa-miR-548g-3p,0.739089917346863
UTR3,5:142661384-142661400,0.00446447038223002
UTR3,5:142659658-142659678,0.00424609885704843
UTR3,5:142658338-142658357,0.00382666779382831
UTR3,5:142657733-142657749,0.0112002676418885
UTR3,5:142779504-142779526,0.00479658847448465
UTR3,5:142779239-142779246,0.0136942819693989
ENST00000343796,ENSG00000113580 (NR3C1),hsa-miR-4709-3p,0.738554028064158
UTR3,5:142661107-142661129,0.0171966823548885
UTR3,5:142660129-142660150,0.00221764510743727
UTR3,5:142693581-142693599,0.0130576432398726
UTR3,5:142662291;142675025-142662290;142675040,0.0215554125156774
ENST00000343796,ENSG00000113580 (NR3C1),hsa-miR-4735-5p,0.737847913582924
UTR3,5:142661200-142661214,0.0207711852896955
UTR3,5:142658417-142658435,0.00288360250070238
UTR3,5:142662245-142662269,0.018349279410193
ENST00000343796,ENSG00000113580 (NR3C1),hsa-miR-4719,0.737333735728999
UTR3,5:142660415-142660440,0.00258238922916357
UTR3,5:142660221-142660233,0.00811327699050342
UTR3,5:142659984-142659990,0.00872835998790436
UTR3,5:142658440-142658450,0.00623941835074399
UTR3,5:142658154-142658176,0.00191184467228237
ENST00000343796,ENSG00000113580 (NR3C1),hsa-miR-4717-3p,0.73613313600404
UTR3,5:142661309-142661323,0.00918315337201681
UTR3,5:142660166-142660184,0.000893952839193901
UTR3,5:142658673-142658691,0.00299635207886128
UTR3,5:142658161-142658177,0.00552672875864046
UTR3,5:142657781-142657802,0.00887393264624886
ENST00000343796,ENSG00000113580 (NR3C1),hsa-miR-4779,0.736010814844918
UTR3,5:142657937-142657956,0.0274638288075541
ENST00000343796,ENSG00000113580 (NR3C1),hsa-miR-339-3p,0.734843389748978
UTR3,5:142658902-142658913,0.0273657666135144
ENST00000343796,ENSG00000113580 (NR3C1),hsa-miR-6856-3p,0.733973772756067
UTR3,5:142660396-142660420,0.00249810962649761
UTR3,5:142660093-142660104,0.00320033694477688
UTR3,5:142658172-142658200,0.00280569274452181
UTR3,5:142657952-142657979,0.0187887598500997
ENST00000343796,ENSG00000113580 (NR3C1),hsa-miR-148a-5p,0.733714764430511
UTR3,5:142661114-142661132,0.0075251891622758
UTR3,5:142660344-142660366,0.00333977649055008
UTR3,5:142660061-142660083,0.00392704056161591
UTR3,5:142659943-142659949,0.00162695828985723
UTR3,5:142657631-142657647,0.0108522610620784
ENST00000343796,ENSG00000113580 (NR3C1),hsa-miR-3689f,0.733402508827585
UTR3,5:142657798-142657824,0.0272451141266094
ENST00000343796,ENSG00000113580 (NR3C1),hsa-miR-135b-5p,0.732654875631688
UTR3,5:142660160-142660181,0.00348705457779096
UTR3,5:142658751-142658773,0.00941483886567606
UTR3,5:142657553-142657570,0.00912843062605685
UTR3,5:142662212-142662237,0.0229264648076515
ENST00000343796,ENSG00000113580 (NR3C1),hsa-miR-570-3p,0.731890632233016
UTR3,5:142661344-142661351,0.0161139214822978
UTR3,5:142659214-142659233,0.00520019922738006
UTR3,5:142658017-142658040,0.00580484146474687
ENST00000343796,ENSG00000113580 (NR3C1),hsa-miR-944,0.731206596098514
UTR3,5:142660877-142660898,0.0138675575991353
UTR3,5:142660550-142660572,0.00387319049727042
UTR3,5:142658419-142658439,0.00304646832187177
UTR3,5:142658319-142658339,0.00354070397183883
UTR3,5:142658070-142658092,0.00273411359043944
ENST00000343796,ENSG00000113580 (NR3C1),hsa-miR-3144-3p,0.730806316122357
UTR3,5:142660668-142660687,0.00630145551884012
UTR3,5:142660611-142660626,0.00164766792633853
UTR3,5:142658509-142658533,0.00720887454089103
UTR3,5:142657879-142657905,0.0118707656053393
ENST00000343796,ENSG00000113580 (NR3C1),hsa-miR-641,0.73073621877758
UTR3,5:142660459-142660483,0.00566112948143041
UTR3,5:142657687-142657712,0.0183166548843273
UTR3,5:142689684-142689704,0.0142101442896366
ENST00000343796,ENSG00000113580 (NR3C1),hsa-miR-556-3p,0.729718619549903
UTR3,5:142661188-142661208,0.00477613776044784
UTR3,5:142660320-142660334,0.0032653228504154
UTR3,5:142659959-142659979,0.00469744834896279
UTR3,5:142659936-142659951,0.0017896805205096
UTR3,5:142659105-142659120,0.0040438127626979
UTR3,5:142779462-142779482,0.0343902742875176
ENST00000343796,ENSG00000113580 (NR3C1),hsa-miR-3672,0.727139478991756
UTR3,5:142659673-142659684,0.00300268169877622
UTR3,5:142659537-142659542,0.00116136471965465
UTR3,5:142658324-142658341,0.0192397406669499
UTR3,5:142680273-142680292,0.0152809274737818
ENST00000343796,ENSG00000113580 (NR3C1),hsa-miR-127-5p,0.727034210401164
UTR3,5:142660657-142660685,0.00855834662111696
UTR3,5:142659356-142659367,0.00864995618593294
UTR3,5:142658626-142658643,0.00281788394283011
UTR3,5:142658367-142658383,0.00337039015456268
UTR3,5:142693630-142693652,0.0152714939599071
ENST00000343796,ENSG00000113580 (NR3C1),hsa-miR-2116-3p,0.726759239883487
UTR3,5:142661243-142661259,0.0105261004452925
UTR3,5:142658481-142658489,0.0129575792159541
UTR3,5:142780131-142780147,0.0147985098560446
ENST00000343796,ENSG00000113580 (NR3C1),hsa-miR-383-3p,0.726506864434317
UTR3,5:142658704-142658723,0.00578650893730542
UTR3,5:142658426-142658445,0.00854245646362191
UTR3,5:142657607-142657628,0.0123443839015641
ENST00000343796,ENSG00000113580 (NR3C1),hsa-miR-485-3p,0.726195911401854
UTR3,5:142657949-142657965,0.0227586619967207
UTR3,5:142675049-142675065,0.0176114043337941
ENST00000343796,ENSG00000113580 (NR3C1),hsa-miR-365a-3p,0.725801662560051
UTR3,5:142657829-142657835,0.0266153883132391
ENST00000343796,ENSG00000113580 (NR3C1),hsa-miR-365b-3p,0.725801662560051
UTR3,5:142657829-142657835,0.0266153883132391
ENST00000343796,ENSG00000113580 (NR3C1),hsa-miR-4803,0.724993088855955
UTR3,5:142659764-142659789,0.00291110788816305
UTR3,5:142659192-142659209,0.00257338535353025
UTR3,5:142658970-142658990,0.0021875928641473
UTR3,5:142658739-142658756,0.0114282660828242
UTR3,5:142657558-142657578,0.00744869295550005
ENST00000343796,ENSG00000113580 (NR3C1),hsa-miR-569,0.724405046339581
UTR3,5:142660627-142660644,0.0049505944686377
UTR3,5:142657919-142657944,0.00936888806593444
UTR3,5:142657633-142657653,0.0121813899646811
ENST00000343796,ENSG00000113580 (NR3C1),hsa-miR-3184-3p,0.724281719202898
UTR3,5:142661288-142661312,0.00552371322149333
UTR3,5:142661065-142661089,0.0110118500813513
UTR3,5:142660378-142660392,0.00995521427928624
ENST00000343796,ENSG00000113580 (NR3C1),hsa-miR-214-3p,0.722106329360316
UTR3,5:142660586-142660605,0.0070180858184148
UTR3,5:142658704-142658724,0.002332751855165
UTR3,5:142657607-142657614,0.012146358807463
UTR3,5:142678261-142678276,0.0211605921906588
ENST00000343796,ENSG00000113580 (NR3C1),hsa-miR-1285-5p,0.7220109154965
UTR3,5:142659784-142659800,0.00294819181247423
UTR3,5:142659584-142659606,0.00724621818505049
UTR3,5:142658209-142658230,0.0161109879621436
ENST00000343796,ENSG00000113580 (NR3C1),hsa-miR-3668,0.721017520513573
UTR3,5:142661312-142661336,0.0099575455113191
UTR3,5:142658287-142658292,0.0040270781767551
UTR3,5:142658251-142658267,0.00178941579313959
UTR3,5:142657915-142657928,0.0104505547471506
ENST00000343796,ENSG00000113580 (NR3C1),hsa-miR-6730-3p,0.720037183418872
UTR3,5:142660203-142660223,0.0038945525440148
UTR3,5:142659517-142659531,0.00124993010478656
UTR3,5:142658129-142658153,0.0107125159470774
UTR3,5:142657664-142657678,0.0102880267942457
ENST00000343796,ENSG00000113580 (NR3C1),hsa-miR-2053,0.71786585996918
UTR3,5:142660929-142660938,0.0076256020123493
UTR3,5:142660626-142660647,0.00974526449224584
UTR3,5:142660392-142660418,0.00269770735880944
UTR3,5:142660149-142660169,0.00426663401510097
UTR3,5:142660039-142660045,0.00163418603764813
ENST00000343796,ENSG00000113580 (NR3C1),hsa-miR-6734-3p,0.716883962883732
UTR3,5:142659873-142659897,0.0115526536132462
UTR3,5:142659868-142659882,0.00420531409614926
UTR3,5:142658124-142658144,0.00407783772173952
UTR3,5:142662197-142662222,0.0256004411351785
ENST00000343796,ENSG00000113580 (NR3C1),hsa-miR-380-3p,0.715097887285177
UTR3,5:142660881-142660897,0.0145159919103075
UTR3,5:142659850-142659877,0.00260447052330949
UTR3,5:142659435-142659453,0.00155677781140695
UTR3,5:142657914-142657926,0.00706944588027778
ENST00000343796,ENSG00000113580 (NR3C1),hsa-miR-4683,0.714993272731106
UTR3,5:142661172-142661186,0.00799214566210496
UTR3,5:142660714-142660726,0.0164921700009809
UTR3,5:142659492-142659518,0.00125397895425864
ENST00000343796,ENSG00000113580 (NR3C1),hsa-miR-1298-5p,0.714668419821494
UTR3,5:142659798-142659821,0.00354642887412169
UTR3,5:142659371-142659397,0.00141280363563933
UTR3,5:142658273-142658291,0.0152733320686314
UTR3,5:142779775-142779803,0.0101257813526534
UTR3,5:142779676-142779697,0.00535520645805057
UTR3,5:142689670-142689690,0.00789944536659164
ENST00000343796,ENSG00000113580 (NR3C1),hsa-miR-3153,0.714318356716675
UTR3,5:142660821-142660848,0.0227840871563421
UTR3,5:142658067-142658094,0.00290011447551189
ENST00000343796,ENSG00000113580 (NR3C1),hsa-miR-7705,0.713984820049594
UTR3,5:142660946-142660972,0.015111545700407
UTR3,5:142660746-142660759,0.00344045558808231
UTR3,5:142662257-142662280,0.0291951838940402
ENST00000343796,ENSG00000113580 (NR3C1),hsa-miR-620,0.713803637521774
UTR3,5:142661172-142661188,0.00962273071830038
UTR3,5:142660714-142660720,0.0160202688691283
ENST00000343796,ENSG00000113580 (NR3C1),hsa-miR-6501-5p,0.713091461068378
UTR3,5:142661282-142661303,0.0255860646790754
ENST00000343796,ENSG00000113580 (NR3C1),hsa-miR-4506,0.7129438431631
UTR3,5:142660295-142660311,0.0166994586621393
UTR3,5:142659554-142659568,0.0014467839787574
UTR3,5:142657551-142657578,0.0074280313106729
ENST00000343796,ENSG00000113580 (NR3C1),hsa-miR-3160-5p,0.711628883910398
UTR3,5:142660477-142660496,0.00437026365918438
UTR3,5:142660240-142660254,0.00350728363865228
UTR3,5:142658950-142658966,0.00399126152071159
UTR3,5:142658696-142658714,0.00255166407829671
UTR3,5:142658380-142658408,0.00590401643634533
UTR3,5:142780030-142780046,0.0219983026059131
ENST00000343796,ENSG00000113580 (NR3C1),hsa-miR-3689a-5p,0.710763797858817
UTR3,5:142657798-142657817,0.0254005657081555
ENST00000343796,ENSG00000113580 (NR3C1),hsa-miR-3689b-5p,0.710763797858817
UTR3,5:142657798-142657817,0.0254005657081555
ENST00000343796,ENSG00000113580 (NR3C1),hsa-miR-3689e,0.710763797858817
UTR3,5:142657798-142657817,0.0254005657081555
ENST00000343796,ENSG00000113580 (NR3C1),hsa-miR-379-3p,0.710753083883596
UTR3,5:142660881-142660897,0.0139543888737487
UTR3,5:142659850-142659876,0.0027853775957555
UTR3,5:142659435-142659453,0.00159050158327217
UTR3,5:142657914-142657926,0.00706944588027778
ENST00000343796,ENSG00000113580 (NR3C1),hsa-miR-362-5p,0.710496400060268
UTR3,5:142661157-142661176,0.00402956848205199
UTR3,5:142658006-142658027,0.00880160815750556
UTR3,5:142657975-142658000,0.0108876284137378
UTR3,5:142779297-142779316,0.00769884311446665
ENST00000343796,ENSG00000113580 (NR3C1),hsa-miR-548ab,0.708924019055829
UTR3,5:142661255-142661278,0.0106685808185083
UTR3,5:142661100-142661112,0.00770326554947943
UTR3,5:142660377-142660402,0.00208651890152704
UTR3,5:142659402-142659427,0.00280511300790294
UTR3,5:142658518-142658540,0.00199109538812432
ENST00000343796,ENSG00000113580 (NR3C1),hsa-miR-4778-3p,0.708786877475754
UTR3,5:142661159-142661182,0.00333720043901876
UTR3,5:142660739-142660767,0.00504186970555429
UTR3,5:142658873-142658893,0.005504054618493
UTR3,5:142658790-142658815,0.00111462344207876
UTR3,5:142657821-142657844,0.00723268062460684
UTR3,5:142779560-142779572,0.0134725441340878
ENST00000343796,ENSG00000113580 (NR3C1),hsa-miR-3928-5p,0.707806611867504
UTR3,5:142660658-142660667,0.00523856458191252
UTR3,5:142659357-142659382,0.00314954397688962
UTR3,5:142659005-142659030,0.0155291982522818
UTR3,5:142693631-142693656,0.00581898359416385
ENST00000343796,ENSG00000113580 (NR3C1),hsa-miR-3913-5p,0.707625653778879
UTR3,5:142660818-142660844,0.0131182742621429
UTR3,5:142660337-142660342,0.00371771720191272
UTR3,5:142658917-142658940,0.00274891651027678
UTR3,5:142658657-142658672,0.00220853096535317
UTR3,5:142658651-142658672,0.000565582121447481
UTR3,5:142658462-142658483,0.00204486506942094
UTR3,5:142693661-142693681,0.00352806016724212
ENST00000343796,ENSG00000113580 (NR3C1),hsa-miR-5093,0.705992279227574
UTR3,5:142660922-142660944,0.0128882178152688
UTR3,5:142658683-142658708,0.00607931698872008
UTR3,5:142658205-142658230,0.00359907780279287
UTR3,5:142658068-142658094,0.00245643683057122
ENST00000343796,ENSG00000113580 (NR3C1),hsa-miR-4670-3p,0.70546742224449
UTR3,5:142660428-142660455,0.00880483604923463
UTR3,5:142659942-142659952,0.0040818582354512
UTR3,5:142658627-142658646,0.00952461296754719
UTR3,5:142658236-142658251,0.00257043616112714
ENST00000343796,ENSG00000113580 (NR3C1),hsa-miR-124-3p,0.705224258815018
UTR3,5:142660957-142660970,0.0249626210918526
ENST00000343796,ENSG00000113580 (NR3C1),hsa-miR-411-3p,0.705211661039531
UTR3,5:142660881-142660887,0.0136439307705102
UTR3,5:142659850-142659875,0.00271126784833032
UTR3,5:142659435-142659452,0.00152388947259618
UTR3,5:142657914-142657919,0.00708254256422052
ENST00000343796,ENSG00000113580 (NR3C1),hsa-miR-6806-3p,0.703571445406068
UTR3,5:142660658-142660675,0.00510085821607227
UTR3,5:142659357-142659382,0.00303940632610406
UTR3,5:142659005-142659030,0.0155291982522818
UTR3,5:142693631-142693658,0.00538753587525363
ENST00000343796,ENSG00000113580 (NR3C1),hsa-miR-2467-3p,0.703168322897462
UTR3,5:142660661-142660685,0.00521749254083079
UTR3,5:142659562-142659579,0.00616435621932209
UTR3,5:142657505-142657532,0.0134194588849899
ENST00000343796,ENSG00000113580 (NR3C1),hsa-miR-208b-5p,0.703111422955948
UTR3,5:142660682-142660689,0.0212824002185902
UTR3,5:142660240-142660254,0.00351445214403229
ENST00000343796,ENSG00000113580 (NR3C1),hsa-miR-4528,0.701641306735275
UTR3,5:142657862-142657875,0.024681912134673
ENST00000343796,ENSG00000113580 (NR3C1),hsa-miR-6758-5p,0.700832555706397
UTR3,5:142660324-142660347,0.00371167675913809
UTR3,5:142659121-142659146,0.00964547710208685
UTR3,5:142657994-142658003,0.0112616653897684
ENST00000343796,ENSG00000113580 (NR3C1),hsa-miR-4659a-5p,0.700803100337821
UTR3,5:142661153-142661164,0.00715387392061016
UTR3,5:142660755-142660778,0.00737360442555675
UTR3,5:142657832-142657843,0.0100890448585718
ENST00000343796,ENSG00000113580 (NR3C1),hsa-miR-624-3p,0.700092183046825
UTR3,5:142657648-142657675,0.0245611464075616
